grupo_equipe;data_inicio_exec;data_fim_exec;aerogerador;desc_especie;desc_esquema;quantidade
AGD;2026-01-19 08:00:00;2026-01-19 17:00:00;AMP-01;GERADOR;INSPEÇĂO DE MANUTENÇĂO PREVENTIVA ANUAL;1
AGD;2026-01-19 08:00:00;2026-01-19 17:00:00;AMP-01;NACELLE;INSPEÇĂO DE MANUTENÇĂO PREVENTIVA ANUAL;1
AGD;2026-01-19 08:00:00;2026-01-19 17:00:00;AMP-01;SISTEMA PITCH;INSPEÇĂO DE MANUTENÇĂO PREVENTIVA ANUAL;1
AGD;2026-01-19 08:00:00;2026-01-19 17:00:00;AMP-01;TORRE WTG;INSPEÇĂO DE MANUTENÇĂO PREVENTIVA ANUAL;1
AGD;2026-01-19 08:00:00;2026-01-21 12:00:00;AMP-01;AEROGERADOR;AVALIAÇĂO DE EQUIPE;1
AGD;2026-01-21 08:00:00;2026-01-21 12:00:00;AMP-01;CONVERSOR;INSPEÇĂO DE MANUTENÇĂO PREVENTIVA ANUAL;1
AGD;2026-01-26 13:00:00;2026-01-26 17:00:00;AMP-07;CONVERSOR;INSPEÇĂO DE MANUTENÇĂO PREVENTIVA ANUAL;1
AGD;2026-01-27 08:00:00;2026-01-27 14:00:00;AMP-07;GERADOR;INSPEÇĂO DE MANUTENÇĂO PREVENTIVA ANUAL;1
AGD;2026-01-27 08:00:00;2026-01-27 14:00:00;AMP-07;SISTEMA PITCH;INSPEÇĂO DE MANUTENÇĂO PREVENTIVA ANUAL;1
AGD;2026-01-28 08:00:00;2026-01-28 12:00:00;AMP-07;AEROGERADOR;AVALIAÇĂO DE EQUIPE;1
AGD;2026-01-28 08:00:00;2026-01-28 12:00:00;AMP-07;NACELLE;INSPEÇĂO DE MANUTENÇĂO PREVENTIVA ANUAL;1
AGD;2026-01-28 08:00:00;2026-01-28 12:00:00;AMP-07;TORRE WTG;INSPEÇĂO DE MANUTENÇĂO PREVENTIVA ANUAL;1
AGD;2026-02-05 08:00:00;2026-02-05 14:00:00;AMP-14;CONVERSOR;INSPEÇĂO DE MANUTENÇĂO PREVENTIVA ANUAL;1
AGD;2026-02-12 08:30:00;2026-02-19 09:00:00;AQB-37;FERRAMENTAS EQUIPAMENTOS DE ENSAIO E MEDIÇĂO;MPP6 - AUDITORIA DE FERRAMENTAS - M6;1
AGD;2026-02-12 09:30:00;2026-02-12 10:00:00;AQB-MV;FERRAMENTAS EQUIPAMENTOS DE ENSAIO E MEDIÇĂO;MPP6 - AUDITORIA DE FERRAMENTAS - M6;5
AGD;2026-02-12 13:00:00;2026-02-12 17:00:00;AMP-08;CONVERSOR;INSPEÇĂO DE QUALIDADE DE AEROGERADOR;1
AGD;2026-02-12 13:00:00;2026-02-12 17:00:00;AMP-08;GERADOR;INSPEÇĂO DE QUALIDADE DE AEROGERADOR;1
AGD;2026-02-12 13:00:00;2026-02-12 17:00:00;AMP-08;NACELLE;INSPEÇĂO DE QUALIDADE DE AEROGERADOR;1
AGD;2026-02-12 13:00:00;2026-02-12 17:00:00;AMP-08;SISTEMA PITCH;INSPEÇĂO DE QUALIDADE DE AEROGERADOR;1
AGD;2026-02-12 13:00:00;2026-02-12 17:00:00;AMP-08;TORRE WTG;INSPEÇĂO DE QUALIDADE DE AEROGERADOR;1
AGD;2026-02-13 08:00:00;2026-02-13 13:00:00;CBO-01;CONVERSOR;INSPEÇĂO DE MANUTENÇĂO PREVENTIVA ANUAL;1
AGD;2026-02-19 07:30:00;2026-02-19 08:00:00;AQB-45;FERRAMENTAS EQUIPAMENTOS DE ENSAIO E MEDIÇĂO;MPP6 - AUDITORIA DE FERRAMENTAS - M6;1
AGD;2026-02-19 07:50:00;2026-02-19 08:20:00;AQB-15;FERRAMENTAS EQUIPAMENTOS DE ENSAIO E MEDIÇĂO;MPP6 - AUDITORIA DE FERRAMENTAS - M6;1
AGD;2026-02-19 08:00:00;2026-02-19 08:30:00;AQB-80;FERRAMENTAS EQUIPAMENTOS DE ENSAIO E MEDIÇĂO;MPP6 - AUDITORIA DE FERRAMENTAS - M6;1
AGD;2026-02-19 09:00:00;2026-02-19 09:30:00;AQB-53;FERRAMENTAS EQUIPAMENTOS DE ENSAIO E MEDIÇĂO;MPP6 - AUDITORIA DE FERRAMENTAS - M6;1
AGD;2026-02-19 09:30:00;2026-02-19 10:00:00;AQB-38;FERRAMENTAS EQUIPAMENTOS DE ENSAIO E MEDIÇĂO;MPP6 - AUDITORIA DE FERRAMENTAS - M6;1
AGD;2026-02-19 09:40:00;2026-02-19 10:20:00;AQB-10;FERRAMENTAS EQUIPAMENTOS DE ENSAIO E MEDIÇĂO;MPP6 - AUDITORIA DE FERRAMENTAS - M6;1
AGD;2026-02-19 13:00:00;2026-02-19 13:30:00;AQB-19;FERRAMENTAS EQUIPAMENTOS DE ENSAIO E MEDIÇĂO;MPP6 - AUDITORIA DE FERRAMENTAS - M6;1
AGD;2026-02-19 13:00:00;2026-02-19 13:30:00;AQB-27;FERRAMENTAS EQUIPAMENTOS DE ENSAIO E MEDIÇĂO;MPP6 - AUDITORIA DE FERRAMENTAS - M6;1
AGD;2026-02-19 13:00:00;2026-02-19 13:30:00;AQB-28;FERRAMENTAS EQUIPAMENTOS DE ENSAIO E MEDIÇĂO;MPP6 - AUDITORIA DE FERRAMENTAS - M6;1
AGD;2026-02-19 13:00:00;2026-02-19 13:30:00;AQB-30;FERRAMENTAS EQUIPAMENTOS DE ENSAIO E MEDIÇĂO;MPP6 - AUDITORIA DE FERRAMENTAS - M6;1
AGD;2026-02-19 13:00:00;2026-02-19 13:30:00;AQB-36;FERRAMENTAS EQUIPAMENTOS DE ENSAIO E MEDIÇĂO;MPP6 - AUDITORIA DE FERRAMENTAS - M6;1
AGD;2026-02-19 13:00:00;2026-02-19 13:35:00;AQB-24;FERRAMENTAS EQUIPAMENTOS DE ENSAIO E MEDIÇĂO;MPP6 - AUDITORIA DE FERRAMENTAS - M6;1
AGD;2026-02-19 13:00:00;2026-02-19 13:40:00;AQB-33;FERRAMENTAS EQUIPAMENTOS DE ENSAIO E MEDIÇĂO;MPP6 - AUDITORIA DE FERRAMENTAS - M6;1
AGD;2026-02-19 13:00:00;2026-02-19 14:00:00;AQB-20;FERRAMENTAS EQUIPAMENTOS DE ENSAIO E MEDIÇĂO;MPP6 - AUDITORIA DE FERRAMENTAS - M6;1
AGD;2026-02-19 13:30:00;2026-02-19 14:00:00;AQB-01;FERRAMENTAS EQUIPAMENTOS DE ENSAIO E MEDIÇĂO;MPP6 - AUDITORIA DE FERRAMENTAS - M6;1
AGD;2026-02-19 13:30:00;2026-02-19 14:00:00;AQB-95;FERRAMENTAS EQUIPAMENTOS DE ENSAIO E MEDIÇĂO;MPP6 - AUDITORIA DE FERRAMENTAS - M6;1
AGD;2026-02-19 13:30:00;2026-02-19 14:10:00;AQB-03;FERRAMENTAS EQUIPAMENTOS DE ENSAIO E MEDIÇĂO;MPP6 - AUDITORIA DE FERRAMENTAS - M6;1
AGD;2026-02-19 15:00:00;2026-02-19 15:30:00;AQB-25;FERRAMENTAS EQUIPAMENTOS DE ENSAIO E MEDIÇĂO;MPP6 - AUDITORIA DE FERRAMENTAS - M6;1
AGD;2026-02-20 08:00:00;2026-02-20 16:00:00;AMP-14;AEROGERADOR;AVALIAÇĂO DE EQUIPE;1
AGD;2026-02-20 08:00:00;2026-02-20 16:00:00;AMP-14;GERADOR;INSPEÇĂO DE MANUTENÇĂO PREVENTIVA ANUAL;1
AGD;2026-02-20 08:00:00;2026-02-20 16:00:00;AMP-14;NACELLE;INSPEÇĂO DE MANUTENÇĂO PREVENTIVA ANUAL;1
AGD;2026-02-20 08:00:00;2026-02-20 16:00:00;AMP-14;SISTEMA PITCH;INSPEÇĂO DE MANUTENÇĂO PREVENTIVA ANUAL;1
AGD;2026-02-20 08:00:00;2026-02-20 16:00:00;AMP-14;TORRE WTG;INSPEÇĂO DE MANUTENÇĂO PREVENTIVA ANUAL;1
BJS;2026-01-16 08:00:00;2026-01-16 10:40:00;PUL-02;TORRE WTG;INSPEÇĂO DE QUALIDADE DE AEROGERADOR;1
BJS;2026-01-16 08:00:00;2026-01-16 12:17:00;PUL-02;CONVERSOR;INSPEÇĂO DE QUALIDADE DE AEROGERADOR;1
BJS;2026-01-16 08:00:00;2026-01-16 12:32:00;PUL-02;AEROGERADOR;APR - PT;1
BJS;2026-01-16 09:30:00;2026-01-16 11:02:00;PUL-02;GERADOR;INSPEÇĂO DE QUALIDADE DE AEROGERADOR;1
BJS;2026-01-16 10:00:00;2026-01-16 11:07:00;PUL-02;NACELLE;INSPEÇĂO DE QUALIDADE DE AEROGERADOR;1
BJS;2026-01-16 10:00:00;2026-01-16 11:31:00;PUL-02;SISTEMA PITCH;INSPEÇĂO DE QUALIDADE DE AEROGERADOR;1
BJS;2026-01-19 08:00:00;2026-01-22 09:22:00;RDO-02;FERRAMENTAS EQUIPAMENTOS DE ENSAIO E MEDIÇĂO;MPP6 - AUDITORIA DE FERRAMENTAS - M6;1
BJS;2026-01-19 08:00:00;2026-01-22 09:23:00;RDO-04;FERRAMENTAS EQUIPAMENTOS DE ENSAIO E MEDIÇĂO;MPP6 - AUDITORIA DE FERRAMENTAS - M6;1
BJS;2026-01-19 08:00:00;2026-01-22 09:24:00;RDO-05;FERRAMENTAS EQUIPAMENTOS DE ENSAIO E MEDIÇĂO;MPP6 - AUDITORIA DE FERRAMENTAS - M6;1
BJS;2026-01-19 08:00:00;2026-01-22 09:25:00;RDO-08;FERRAMENTAS EQUIPAMENTOS DE ENSAIO E MEDIÇĂO;MPP6 - AUDITORIA DE FERRAMENTAS - M6;1
BJS;2026-01-19 08:00:00;2026-01-22 13:45:00;RDO-18;FERRAMENTAS EQUIPAMENTOS DE ENSAIO E MEDIÇĂO;MPP6 - AUDITORIA DE FERRAMENTAS - M6;1
BJS;2026-01-19 08:00:00;2026-01-22 13:46:00;RDO-15;FERRAMENTAS EQUIPAMENTOS DE ENSAIO E MEDIÇĂO;MPP6 - AUDITORIA DE FERRAMENTAS - M6;1
BJS;2026-01-19 08:00:00;2026-01-22 13:58:00;RDO-08;FERRAMENTAS EQUIPAMENTOS DE ENSAIO E MEDIÇĂO;MPP6 - AUDITORIA DE FERRAMENTAS - M6;1
BJS;2026-01-19 08:00:00;2026-01-22 14:04:00;RDO-87;FERRAMENTAS EQUIPAMENTOS DE ENSAIO E MEDIÇĂO;MPP6 - AUDITORIA DE FERRAMENTAS - M6;1
BJS;2026-01-19 08:00:00;2026-01-22 14:10:00;RDO-24;FERRAMENTAS EQUIPAMENTOS DE ENSAIO E MEDIÇĂO;MPP6 - AUDITORIA DE FERRAMENTAS - M6;1
BJS;2026-01-19 08:00:00;2026-01-22 14:11:00;RDO-91;FERRAMENTAS EQUIPAMENTOS DE ENSAIO E MEDIÇĂO;MPP6 - AUDITORIA DE FERRAMENTAS - M6;1
BJS;2026-01-19 08:00:00;2026-01-22 14:22:00;RDO-84;FERRAMENTAS EQUIPAMENTOS DE ENSAIO E MEDIÇĂO;MPP6 - AUDITORIA DE FERRAMENTAS - M6;1
BJS;2026-01-19 08:00:00;2026-01-22 14:35:00;RDO-38;FERRAMENTAS EQUIPAMENTOS DE ENSAIO E MEDIÇĂO;MPP6 - AUDITORIA DE FERRAMENTAS - M6;1
BJS;2026-01-19 08:00:00;2026-01-23 13:16:00;RDO-10;FERRAMENTAS EQUIPAMENTOS DE ENSAIO E MEDIÇĂO;MPP6 - AUDITORIA DE FERRAMENTAS - M6;1
BJS;2026-01-19 08:00:00;2026-01-23 13:17:00;RDO-06;FERRAMENTAS EQUIPAMENTOS DE ENSAIO E MEDIÇĂO;MPP6 - AUDITORIA DE FERRAMENTAS - M6;1
BJS;2026-01-19 08:00:00;2026-01-23 13:23:00;RDO-80;FERRAMENTAS EQUIPAMENTOS DE ENSAIO E MEDIÇĂO;MPP6 - AUDITORIA DE FERRAMENTAS - M6;1
BJS;2026-01-19 08:00:00;2026-01-23 13:34:00;RDO-55;FERRAMENTAS EQUIPAMENTOS DE ENSAIO E MEDIÇĂO;MPP6 - AUDITORIA DE FERRAMENTAS - M6;1
BJS;2026-01-19 08:00:00;2026-01-23 14:14:00;RDO-50;FERRAMENTAS EQUIPAMENTOS DE ENSAIO E MEDIÇĂO;MPP6 - AUDITORIA DE FERRAMENTAS - M6;1
BJS;2026-01-19 08:00:00;2026-01-23 15:05:00;RDO-10;FERRAMENTAS EQUIPAMENTOS DE ENSAIO E MEDIÇĂO;MPP6 - AUDITORIA DE FERRAMENTAS - M6;1
BJS;2026-01-19 08:00:00;2026-01-23 15:07:00;RDO-56;FERRAMENTAS EQUIPAMENTOS DE ENSAIO E MEDIÇĂO;MPP6 - AUDITORIA DE FERRAMENTAS - M6;1
BJS;2026-01-19 08:00:00;2026-01-23 15:08:00;RDO-24;FERRAMENTAS EQUIPAMENTOS DE ENSAIO E MEDIÇĂO;MPP6 - AUDITORIA DE FERRAMENTAS - M6;1
BJS;2026-01-19 08:00:00;2026-01-23 15:09:00;RDO-78;FERRAMENTAS EQUIPAMENTOS DE ENSAIO E MEDIÇĂO;MPP6 - AUDITORIA DE FERRAMENTAS - M6;1
BJS;2026-01-20 08:00:00;2026-01-20 10:22:00;RDO-15;FERRAMENTAS EQUIPAMENTOS DE ENSAIO E MEDIÇĂO;MPP6 - AUDITORIA DE FERRAMENTAS - M6;1
BJS;2026-01-20 08:00:00;2026-01-20 10:32:00;RDO-33;FERRAMENTAS EQUIPAMENTOS DE ENSAIO E MEDIÇĂO;MPP6 - AUDITORIA DE FERRAMENTAS - M6;1
BJS;2026-01-20 08:00:00;2026-01-20 10:46:00;RDO-WS;FERRAMENTAS EQUIPAMENTOS DE ENSAIO E MEDIÇĂO;MPP6 - AUDITORIA DE FERRAMENTAS - M6;1
BJS;2026-01-20 08:00:00;2026-01-20 10:47:00;RDO-WS;FERRAMENTAS EQUIPAMENTOS DE ENSAIO E MEDIÇĂO;MPP6 - AUDITORIA DE FERRAMENTAS - M6;1
BJS;2026-01-20 08:00:00;2026-01-20 10:51:00;RDO-74;FERRAMENTAS EQUIPAMENTOS DE ENSAIO E MEDIÇĂO;MPP6 - AUDITORIA DE FERRAMENTAS - M6;1
BJS;2026-01-20 08:00:00;2026-01-20 10:52:00;RDO-03;FERRAMENTAS EQUIPAMENTOS DE ENSAIO E MEDIÇĂO;MPP6 - AUDITORIA DE FERRAMENTAS - M6;1
BJS;2026-01-20 08:00:00;2026-01-20 11:00:00;RDO-74;FERRAMENTAS EQUIPAMENTOS DE ENSAIO E MEDIÇĂO;MPP6 - AUDITORIA DE FERRAMENTAS - M6;1
BJS;2026-01-20 08:00:00;2026-01-20 11:01:00;RDO-03;FERRAMENTAS EQUIPAMENTOS DE ENSAIO E MEDIÇĂO;MPP6 - AUDITORIA DE FERRAMENTAS - M6;1
BJS;2026-01-20 08:00:00;2026-01-20 11:02:00;RDO-53;FERRAMENTAS EQUIPAMENTOS DE ENSAIO E MEDIÇĂO;MPP6 - AUDITORIA DE FERRAMENTAS - M6;1
BJS;2026-01-20 08:00:00;2026-01-20 11:05:00;RDO- K;FERRAMENTAS EQUIPAMENTOS DE ENSAIO E MEDIÇĂO;MPP6 - AUDITORIA DE FERRAMENTAS - M6;1
BJS;2026-01-20 08:00:00;2026-01-20 11:08:00;RDO-09;FERRAMENTAS EQUIPAMENTOS DE ENSAIO E MEDIÇĂO;MPP6 - AUDITORIA DE FERRAMENTAS - M6;1
BJS;2026-01-20 08:00:00;2026-01-20 11:10:00;RDO-14;FERRAMENTAS EQUIPAMENTOS DE ENSAIO E MEDIÇĂO;MPP6 - AUDITORIA DE FERRAMENTAS - M6;1
BJS;2026-01-20 08:00:00;2026-01-20 11:13:00;RDO-12;FERRAMENTAS EQUIPAMENTOS DE ENSAIO E MEDIÇĂO;MPP6 - AUDITORIA DE FERRAMENTAS - M6;1
BJS;2026-01-20 08:00:00;2026-01-20 11:14:00;RDO-MV;FERRAMENTAS EQUIPAMENTOS DE ENSAIO E MEDIÇĂO;MPP6 - AUDITORIA DE FERRAMENTAS - M6;1
BJS;2026-01-20 08:00:00;2026-01-20 11:16:00;RDO-26;FERRAMENTAS EQUIPAMENTOS DE ENSAIO E MEDIÇĂO;MPP6 - AUDITORIA DE FERRAMENTAS - M6;1
BJS;2026-01-20 08:00:00;2026-01-20 11:22:00;RDO-21;FERRAMENTAS EQUIPAMENTOS DE ENSAIO E MEDIÇĂO;MPP6 - AUDITORIA DE FERRAMENTAS - M6;1
BJS;2026-01-20 08:00:00;2026-01-20 11:23:00;RDO-85;FERRAMENTAS EQUIPAMENTOS DE ENSAIO E MEDIÇĂO;MPP6 - AUDITORIA DE FERRAMENTAS - M6;1
BJS;2026-01-20 08:00:00;2026-01-20 11:24:00;RDO-00;FERRAMENTAS EQUIPAMENTOS DE ENSAIO E MEDIÇĂO;MPP6 - AUDITORIA DE FERRAMENTAS - M6;1
BJS;2026-01-20 08:00:00;2026-01-20 11:28:00;RDO-MV;FERRAMENTAS EQUIPAMENTOS DE ENSAIO E MEDIÇĂO;MPP6 - AUDITORIA DE FERRAMENTAS - M6;1
BJS;2026-01-20 08:00:00;2026-01-20 11:29:00;RDO-29;FERRAMENTAS EQUIPAMENTOS DE ENSAIO E MEDIÇĂO;MPP6 - AUDITORIA DE FERRAMENTAS - M6;1
BJS;2026-01-20 08:00:00;2026-01-20 11:31:00;RDO-43;FERRAMENTAS EQUIPAMENTOS DE ENSAIO E MEDIÇĂO;MPP6 - AUDITORIA DE FERRAMENTAS - M6;1
BJS;2026-01-20 08:00:00;2026-01-20 11:36:00;RDO-38;FERRAMENTAS EQUIPAMENTOS DE ENSAIO E MEDIÇĂO;MPP6 - AUDITORIA DE FERRAMENTAS - M6;1
BJS;2026-01-20 08:00:00;2026-01-20 11:47:00;RDO-78;FERRAMENTAS EQUIPAMENTOS DE ENSAIO E MEDIÇĂO;MPP6 - AUDITORIA DE FERRAMENTAS - M6;1
BJS;2026-01-20 08:00:00;2026-01-20 13:29:00;RDO-23;FERRAMENTAS EQUIPAMENTOS DE ENSAIO E MEDIÇĂO;MPP6 - AUDITORIA DE FERRAMENTAS - M6;1
BJS;2026-01-20 08:00:00;2026-01-20 13:30:00;RDO-MV;FERRAMENTAS EQUIPAMENTOS DE ENSAIO E MEDIÇĂO;MPP6 - AUDITORIA DE FERRAMENTAS - M6;1
BJS;2026-01-20 08:00:00;2026-01-20 13:32:00;RDO-66;FERRAMENTAS EQUIPAMENTOS DE ENSAIO E MEDIÇĂO;MPP6 - AUDITORIA DE FERRAMENTAS - M6;1
BJS;2026-01-20 08:00:00;2026-01-20 13:34:00;RDO-69;FERRAMENTAS EQUIPAMENTOS DE ENSAIO E MEDIÇĂO;MPP6 - AUDITORIA DE FERRAMENTAS - M6;1
BJS;2026-01-20 08:00:00;2026-01-20 13:35:00;RDO-MV;FERRAMENTAS EQUIPAMENTOS DE ENSAIO E MEDIÇĂO;MPP6 - AUDITORIA DE FERRAMENTAS - M6;1
BJS;2026-01-20 08:00:00;2026-01-20 13:36:00;RDO-17;FERRAMENTAS EQUIPAMENTOS DE ENSAIO E MEDIÇĂO;MPP6 - AUDITORIA DE FERRAMENTAS - M6;1
BJS;2026-01-20 08:00:00;2026-01-20 13:39:00;RDO-41;FERRAMENTAS EQUIPAMENTOS DE ENSAIO E MEDIÇĂO;MPP6 - AUDITORIA DE FERRAMENTAS - M6;1
BJS;2026-01-20 08:00:00;2026-01-20 13:40:00;RDO-18;FERRAMENTAS EQUIPAMENTOS DE ENSAIO E MEDIÇĂO;MPP6 - AUDITORIA DE FERRAMENTAS - M6;1
BJS;2026-01-20 08:00:00;2026-01-20 13:41:00;RDO-00;FERRAMENTAS EQUIPAMENTOS DE ENSAIO E MEDIÇĂO;MPP6 - AUDITORIA DE FERRAMENTAS - M6;1
BJS;2026-01-20 08:00:00;2026-01-20 13:43:00;RDO-48;FERRAMENTAS EQUIPAMENTOS DE ENSAIO E MEDIÇĂO;MPP6 - AUDITORIA DE FERRAMENTAS - M6;1
BJS;2026-01-20 08:00:00;2026-01-20 13:44:00;RDO-65;FERRAMENTAS EQUIPAMENTOS DE ENSAIO E MEDIÇĂO;MPP6 - AUDITORIA DE FERRAMENTAS - M6;1
BJS;2026-01-20 08:00:00;2026-01-20 13:45:00;RDO-53;FERRAMENTAS EQUIPAMENTOS DE ENSAIO E MEDIÇĂO;MPP6 - AUDITORIA DE FERRAMENTAS - M6;1
BJS;2026-01-20 08:00:00;2026-01-20 13:48:00;RDO-90;FERRAMENTAS EQUIPAMENTOS DE ENSAIO E MEDIÇĂO;MPP6 - AUDITORIA DE FERRAMENTAS - M6;1
BJS;2026-01-20 08:00:00;2026-01-20 13:52:00;RDO-82;FERRAMENTAS EQUIPAMENTOS DE ENSAIO E MEDIÇĂO;MPP6 - AUDITORIA DE FERRAMENTAS - M6;1
BJS;2026-01-20 08:00:00;2026-01-20 13:53:00;RDO-60;FERRAMENTAS EQUIPAMENTOS DE ENSAIO E MEDIÇĂO;MPP6 - AUDITORIA DE FERRAMENTAS - M6;1
BJS;2026-01-20 08:00:00;2026-01-20 13:53:00;RDO-79;FERRAMENTAS EQUIPAMENTOS DE ENSAIO E MEDIÇĂO;MPP6 - AUDITORIA DE FERRAMENTAS - M6;1
BJS;2026-01-20 08:00:00;2026-01-20 13:54:00;RDO-73;FERRAMENTAS EQUIPAMENTOS DE ENSAIO E MEDIÇĂO;MPP6 - AUDITORIA DE FERRAMENTAS - M6;1
BJS;2026-01-20 08:00:00;2026-01-20 15:31:00;RDO-77;FERRAMENTAS EQUIPAMENTOS DE ENSAIO E MEDIÇĂO;MPP6 - AUDITORIA DE FERRAMENTAS - M6;1
BJS;2026-01-20 08:00:00;2026-01-20 15:33:00;RDO-36;FERRAMENTAS EQUIPAMENTOS DE ENSAIO E MEDIÇĂO;MPP6 - AUDITORIA DE FERRAMENTAS - M6;1
BJS;2026-01-20 08:00:00;2026-01-20 15:35:00;RDO-86;FERRAMENTAS EQUIPAMENTOS DE ENSAIO E MEDIÇĂO;MPP6 - AUDITORIA DE FERRAMENTAS - M6;1
BJS;2026-01-20 08:00:00;2026-01-20 15:36:00;RDO-38;FERRAMENTAS EQUIPAMENTOS DE ENSAIO E MEDIÇĂO;MPP6 - AUDITORIA DE FERRAMENTAS - M6;1
BJS;2026-01-20 08:00:00;2026-01-20 15:40:00;RDO-22;FERRAMENTAS EQUIPAMENTOS DE ENSAIO E MEDIÇĂO;MPP6 - AUDITORIA DE FERRAMENTAS - M6;1
BJS;2026-01-20 08:00:00;2026-01-20 15:44:00;RDO-11;FERRAMENTAS EQUIPAMENTOS DE ENSAIO E MEDIÇĂO;MPP6 - AUDITORIA DE FERRAMENTAS - M6;1
BJS;2026-01-26 08:00:00;2026-01-26 11:00:00;RDO-20;SISTEMA PITCH;MPP1 - INSPEÇĂO EXTERNA DE AEROGERADOR - M6;1
BJS;2026-01-26 08:00:00;2026-01-26 11:02:00;RDO-20;NACELLE;MPP1 - INSPEÇĂO EXTERNA DE AEROGERADOR - M6;1
BJS;2026-01-26 08:00:00;2026-01-26 11:04:00;RDO-20;GERADOR;MPP1 - INSPEÇĂO EXTERNA DE AEROGERADOR - M6;1
BJS;2026-01-26 08:00:00;2026-01-26 11:07:00;RDO-20;TORRE WTG;MPP1 - INSPEÇĂO EXTERNA DE AEROGERADOR - M6;1
BJS;2026-01-26 08:00:00;2026-01-26 11:10:00;RDO-20;CONVERSOR;MPP1 - INSPEÇĂO EXTERNA DE AEROGERADOR - M6;1
BJS;2026-01-26 08:00:00;2026-01-26 11:22:00;RDO-19;SISTEMA PITCH;MPP1 - INSPEÇĂO EXTERNA DE AEROGERADOR - M6;1
BJS;2026-01-26 08:00:00;2026-01-26 11:24:00;RDO-19;NACELLE;MPP1 - INSPEÇĂO EXTERNA DE AEROGERADOR - M6;1
BJS;2026-01-26 08:00:00;2026-01-26 11:25:00;RDO-19;GERADOR;MPP1 - INSPEÇĂO EXTERNA DE AEROGERADOR - M6;1
BJS;2026-01-26 08:00:00;2026-01-26 11:26:00;RDO-19;CONVERSOR;MPP1 - INSPEÇĂO EXTERNA DE AEROGERADOR - M6;1
BJS;2026-01-26 08:00:00;2026-01-26 11:30:00;RDO-19;TORRE WTG;MPP1 - INSPEÇĂO EXTERNA DE AEROGERADOR - M6;1
BJS;2026-01-26 08:00:00;2026-01-26 11:34:00;RDO-18;SISTEMA PITCH;MPP1 - INSPEÇĂO EXTERNA DE AEROGERADOR - M6;1
BJS;2026-01-26 08:00:00;2026-01-26 11:35:00;RDO-18;NACELLE;MPP1 - INSPEÇĂO EXTERNA DE AEROGERADOR - M6;1
BJS;2026-01-26 08:00:00;2026-01-26 11:36:00;RDO-18;GERADOR;MPP1 - INSPEÇĂO EXTERNA DE AEROGERADOR - M6;1
BJS;2026-01-26 08:00:00;2026-01-26 11:38:00;RDO-18;CONVERSOR;MPP1 - INSPEÇĂO EXTERNA DE AEROGERADOR - M6;1
BJS;2026-01-26 08:00:00;2026-01-26 11:39:00;RDO-18;TORRE WTG;MPP1 - INSPEÇĂO EXTERNA DE AEROGERADOR - M6;1
BJS;2026-01-26 08:00:00;2026-01-26 13:41:00;RDO-01;TORRE WTG;MPP1 - INSPEÇĂO EXTERNA DE AEROGERADOR - M6;1
BJS;2026-01-26 08:00:00;2026-01-26 13:43:00;RDO-01;SISTEMA PITCH;MPP1 - INSPEÇĂO EXTERNA DE AEROGERADOR - M6;1
BJS;2026-01-26 08:00:00;2026-01-26 13:44:00;RDO-01;CONVERSOR;MPP1 - INSPEÇĂO EXTERNA DE AEROGERADOR - M6;1
BJS;2026-01-26 08:00:00;2026-01-26 13:45:00;RDO-01;GERADOR;MPP1 - INSPEÇĂO EXTERNA DE AEROGERADOR - M6;1
BJS;2026-01-26 08:00:00;2026-01-26 13:46:00;RDO-01;NACELLE;MPP1 - INSPEÇĂO EXTERNA DE AEROGERADOR - M6;1
BJS;2026-01-26 08:00:00;2026-01-26 13:51:00;RDO-02;SISTEMA PITCH;MPP1 - INSPEÇĂO EXTERNA DE AEROGERADOR - M6;1
BJS;2026-01-26 08:00:00;2026-01-26 13:53:00;RDO-02;TORRE WTG;MPP1 - INSPEÇĂO EXTERNA DE AEROGERADOR - M6;1
BJS;2026-01-26 08:00:00;2026-01-26 13:54:00;RDO-02;GERADOR;MPP1 - INSPEÇĂO EXTERNA DE AEROGERADOR - M6;1
BJS;2026-01-26 08:00:00;2026-01-26 13:56:00;RDO-02;NACELLE;MPP1 - INSPEÇĂO EXTERNA DE AEROGERADOR - M6;1
BJS;2026-01-26 08:00:00;2026-01-26 13:57:00;RDO-02;CONVERSOR;MPP1 - INSPEÇĂO EXTERNA DE AEROGERADOR - M6;1
BJS;2026-01-26 08:00:00;2026-01-26 14:03:00;RDO-03;SISTEMA PITCH;MPP1 - INSPEÇĂO EXTERNA DE AEROGERADOR - M6;1
BJS;2026-01-26 08:00:00;2026-01-26 14:04:00;RDO-03;TORRE WTG;MPP1 - INSPEÇĂO EXTERNA DE AEROGERADOR - M6;1
BJS;2026-01-26 08:00:00;2026-01-26 14:05:00;RDO-03;CONVERSOR;MPP1 - INSPEÇĂO EXTERNA DE AEROGERADOR - M6;1
BJS;2026-01-26 08:00:00;2026-01-26 14:06:00;RDO-03;GERADOR;MPP1 - INSPEÇĂO EXTERNA DE AEROGERADOR - M6;1
BJS;2026-01-26 08:00:00;2026-01-26 14:07:00;RDO-03;NACELLE;MPP1 - INSPEÇĂO EXTERNA DE AEROGERADOR - M6;1
BJS;2026-01-26 08:00:00;2026-01-26 14:13:00;RDO-04;SISTEMA PITCH;MPP1 - INSPEÇĂO EXTERNA DE AEROGERADOR - M6;1
BJS;2026-01-26 08:00:00;2026-01-26 14:15:00;RDO-04;TORRE WTG;MPP1 - INSPEÇĂO EXTERNA DE AEROGERADOR - M6;1
BJS;2026-01-26 08:00:00;2026-01-26 14:16:00;RDO-04;CONVERSOR;MPP1 - INSPEÇĂO EXTERNA DE AEROGERADOR - M6;1
BJS;2026-01-26 08:00:00;2026-01-26 14:17:00;RDO-04;GERADOR;MPP1 - INSPEÇĂO EXTERNA DE AEROGERADOR - M6;1
BJS;2026-01-26 08:00:00;2026-01-26 14:18:00;RDO-04;NACELLE;MPP1 - INSPEÇĂO EXTERNA DE AEROGERADOR - M6;1
BJS;2026-01-26 08:00:00;2026-01-26 14:26:00;RDO-05;SISTEMA PITCH;MPP1 - INSPEÇĂO EXTERNA DE AEROGERADOR - M6;1
BJS;2026-01-26 08:00:00;2026-01-26 14:27:00;RDO-05;TORRE WTG;MPP1 - INSPEÇĂO EXTERNA DE AEROGERADOR - M6;1
BJS;2026-01-26 08:00:00;2026-01-26 14:30:00;RDO-05;CONVERSOR;MPP1 - INSPEÇĂO EXTERNA DE AEROGERADOR - M6;1
BJS;2026-01-26 08:00:00;2026-01-26 14:32:00;RDO-05;GERADOR;MPP1 - INSPEÇĂO EXTERNA DE AEROGERADOR - M6;1
BJS;2026-01-26 08:00:00;2026-01-26 14:35:00;RDO-05;NACELLE;MPP1 - INSPEÇĂO EXTERNA DE AEROGERADOR - M6;1
BJS;2026-01-26 08:00:00;2026-01-26 14:42:00;RDO-06;SISTEMA PITCH;MPP1 - INSPEÇĂO EXTERNA DE AEROGERADOR - M6;1
BJS;2026-01-26 08:00:00;2026-01-26 14:46:00;RDO-06;TORRE WTG;MPP1 - INSPEÇĂO EXTERNA DE AEROGERADOR - M6;1
BJS;2026-01-26 08:00:00;2026-01-26 14:49:00;RDO-06;CONVERSOR;MPP1 - INSPEÇĂO EXTERNA DE AEROGERADOR - M6;1
BJS;2026-01-26 08:00:00;2026-01-26 14:50:00;RDO-06;GERADOR;MPP1 - INSPEÇĂO EXTERNA DE AEROGERADOR - M6;1
BJS;2026-01-26 08:00:00;2026-01-26 14:52:00;RDO-06;NACELLE;MPP1 - INSPEÇĂO EXTERNA DE AEROGERADOR - M6;1
BJS;2026-01-26 08:00:00;2026-01-26 14:59:00;RDO-07;SISTEMA PITCH;MPP1 - INSPEÇĂO EXTERNA DE AEROGERADOR - M6;1
BJS;2026-01-26 08:00:00;2026-01-26 15:00:00;RDO-07;TORRE WTG;MPP1 - INSPEÇĂO EXTERNA DE AEROGERADOR - M6;1
BJS;2026-01-26 08:00:00;2026-01-26 15:01:00;RDO-07;CONVERSOR;MPP1 - INSPEÇĂO EXTERNA DE AEROGERADOR - M6;1
BJS;2026-01-26 08:00:00;2026-01-26 15:02:00;RDO-07;GERADOR;MPP1 - INSPEÇĂO EXTERNA DE AEROGERADOR - M6;1
BJS;2026-01-26 08:00:00;2026-01-26 15:03:00;RDO-07;NACELLE;MPP1 - INSPEÇĂO EXTERNA DE AEROGERADOR - M6;1
BJS;2026-01-26 08:00:00;2026-01-26 15:09:00;RDO-08;TORRE WTG;MPP1 - INSPEÇĂO EXTERNA DE AEROGERADOR - M6;1
BJS;2026-01-26 08:00:00;2026-01-26 15:10:00;RDO-08;SISTEMA PITCH;MPP1 - INSPEÇĂO EXTERNA DE AEROGERADOR - M6;1
BJS;2026-01-26 08:00:00;2026-01-26 15:11:00;RDO-08;CONVERSOR;MPP1 - INSPEÇĂO EXTERNA DE AEROGERADOR - M6;1
BJS;2026-01-26 08:00:00;2026-01-26 15:12:00;RDO-08;GERADOR;MPP1 - INSPEÇĂO EXTERNA DE AEROGERADOR - M6;1
BJS;2026-01-26 08:00:00;2026-01-26 15:13:00;RDO-08;NACELLE;MPP1 - INSPEÇĂO EXTERNA DE AEROGERADOR - M6;1
BJS;2026-01-26 08:00:00;2026-01-26 15:16:00;RDO-09;SISTEMA PITCH;MPP1 - INSPEÇĂO EXTERNA DE AEROGERADOR - M6;1
BJS;2026-01-26 08:00:00;2026-01-26 15:18:00;RDO-09;TORRE WTG;MPP1 - INSPEÇĂO EXTERNA DE AEROGERADOR - M6;1
BJS;2026-01-26 08:00:00;2026-01-26 15:19:00;RDO-09;CONVERSOR;MPP1 - INSPEÇĂO EXTERNA DE AEROGERADOR - M6;1
BJS;2026-01-26 08:00:00;2026-01-26 15:19:00;RDO-09;GERADOR;MPP1 - INSPEÇĂO EXTERNA DE AEROGERADOR - M6;1
BJS;2026-01-26 08:00:00;2026-01-26 15:20:00;RDO-09;NACELLE;MPP1 - INSPEÇĂO EXTERNA DE AEROGERADOR - M6;1
BJS;2026-01-26 08:00:00;2026-01-26 15:23:00;RDO-10;SISTEMA PITCH;MPP1 - INSPEÇĂO EXTERNA DE AEROGERADOR - M6;1
BJS;2026-01-26 08:00:00;2026-01-26 15:24:00;RDO-10;NACELLE;MPP1 - INSPEÇĂO EXTERNA DE AEROGERADOR - M6;1
BJS;2026-01-26 08:00:00;2026-01-26 15:25:00;RDO-10;TORRE WTG;MPP1 - INSPEÇĂO EXTERNA DE AEROGERADOR - M6;1
BJS;2026-01-26 08:00:00;2026-01-26 15:26:00;RDO-10;CONVERSOR;MPP1 - INSPEÇĂO EXTERNA DE AEROGERADOR - M6;1
BJS;2026-01-26 08:00:00;2026-01-26 15:27:00;RDO-10;GERADOR;MPP1 - INSPEÇĂO EXTERNA DE AEROGERADOR - M6;1
BJS;2026-01-27 07:30:00;2026-01-27 07:48:00;RDO-11;CONVERSOR;MPP1 - INSPEÇĂO EXTERNA DE AEROGERADOR - M6;1
BJS;2026-01-27 07:30:00;2026-01-27 07:50:00;RDO-11;TORRE WTG;MPP1 - INSPEÇĂO EXTERNA DE AEROGERADOR - M6;1
BJS;2026-01-27 07:30:00;2026-01-27 07:51:00;RDO-11;GERADOR;MPP1 - INSPEÇĂO EXTERNA DE AEROGERADOR - M6;1
BJS;2026-01-27 07:30:00;2026-01-27 07:53:00;RDO-11;NACELLE;MPP1 - INSPEÇĂO EXTERNA DE AEROGERADOR - M6;1
BJS;2026-01-27 07:30:00;2026-01-27 07:57:00;RDO-11;SISTEMA PITCH;MPP1 - INSPEÇĂO EXTERNA DE AEROGERADOR - M6;1
BJS;2026-01-27 08:00:00;2026-01-27 08:07:00;RDO-12;NACELLE;MPP1 - INSPEÇĂO EXTERNA DE AEROGERADOR - M6;1
BJS;2026-01-27 08:00:00;2026-01-27 08:09:00;RDO-12;TORRE WTG;MPP1 - INSPEÇĂO EXTERNA DE AEROGERADOR - M6;1
BJS;2026-01-27 08:00:00;2026-01-27 08:10:00;RDO-12;SISTEMA PITCH;MPP1 - INSPEÇĂO EXTERNA DE AEROGERADOR - M6;1
BJS;2026-01-27 08:00:00;2026-01-27 08:11:00;RDO-12;CONVERSOR;MPP1 - INSPEÇĂO EXTERNA DE AEROGERADOR - M6;1
BJS;2026-01-27 08:00:00;2026-01-27 08:13:00;RDO-12;GERADOR;MPP1 - INSPEÇĂO EXTERNA DE AEROGERADOR - M6;1
BJS;2026-01-27 08:00:00;2026-01-27 08:21:00;RDO-13;TORRE WTG;MPP1 - INSPEÇĂO EXTERNA DE AEROGERADOR - M6;1
BJS;2026-01-27 08:00:00;2026-01-27 08:23:00;RDO-13;SISTEMA PITCH;MPP1 - INSPEÇĂO EXTERNA DE AEROGERADOR - M6;1
BJS;2026-01-27 08:00:00;2026-01-27 08:25:00;RDO-13;GERADOR;MPP1 - INSPEÇĂO EXTERNA DE AEROGERADOR - M6;1
BJS;2026-01-27 08:00:00;2026-01-27 08:26:00;RDO-13;CONVERSOR;MPP1 - INSPEÇĂO EXTERNA DE AEROGERADOR - M6;1
BJS;2026-01-27 08:00:00;2026-01-27 08:27:00;RDO-13;NACELLE;MPP1 - INSPEÇĂO EXTERNA DE AEROGERADOR - M6;1
BJS;2026-01-27 08:00:00;2026-01-27 08:38:00;RDO-17;NACELLE;MPP1 - INSPEÇĂO EXTERNA DE AEROGERADOR - M6;1
BJS;2026-01-27 08:00:00;2026-01-27 08:39:00;RDO-17;CONVERSOR;MPP1 - INSPEÇĂO EXTERNA DE AEROGERADOR - M6;1
BJS;2026-01-27 08:00:00;2026-01-27 08:44:00;RDO-17;SISTEMA PITCH;MPP1 - INSPEÇĂO EXTERNA DE AEROGERADOR - M6;1
BJS;2026-01-27 08:00:00;2026-01-27 08:45:00;RDO-17;GERADOR;MPP1 - INSPEÇĂO EXTERNA DE AEROGERADOR - M6;1
BJS;2026-01-27 08:00:00;2026-01-27 08:47:00;RDO-17;TORRE WTG;MPP1 - INSPEÇĂO EXTERNA DE AEROGERADOR - M6;1
BJS;2026-01-27 08:00:00;2026-01-27 08:51:00;RDO-16;CONVERSOR;MPP1 - INSPEÇĂO EXTERNA DE AEROGERADOR - M6;1
BJS;2026-01-27 08:00:00;2026-01-27 08:52:00;RDO-16;TORRE WTG;MPP1 - INSPEÇĂO EXTERNA DE AEROGERADOR - M6;1
BJS;2026-01-27 08:00:00;2026-01-27 08:53:00;RDO-16;GERADOR;MPP1 - INSPEÇĂO EXTERNA DE AEROGERADOR - M6;1
BJS;2026-01-27 08:00:00;2026-01-27 08:54:00;RDO-16;SISTEMA PITCH;MPP1 - INSPEÇĂO EXTERNA DE AEROGERADOR - M6;1
BJS;2026-01-27 08:00:00;2026-01-27 08:56:00;RDO-16;NACELLE;MPP1 - INSPEÇĂO EXTERNA DE AEROGERADOR - M6;1
BJS;2026-01-27 08:00:00;2026-01-27 09:01:00;RDO-15;SISTEMA PITCH;MPP1 - INSPEÇĂO EXTERNA DE AEROGERADOR - M6;1
BJS;2026-01-27 08:00:00;2026-01-27 09:02:00;RDO-15;NACELLE;MPP1 - INSPEÇĂO EXTERNA DE AEROGERADOR - M6;1
BJS;2026-01-27 08:00:00;2026-01-27 09:03:00;RDO-15;GERADOR;MPP1 - INSPEÇĂO EXTERNA DE AEROGERADOR - M6;1
BJS;2026-01-27 08:00:00;2026-01-27 09:04:00;RDO-15;TORRE WTG;MPP1 - INSPEÇĂO EXTERNA DE AEROGERADOR - M6;1
BJS;2026-01-27 08:00:00;2026-01-27 09:05:00;RDO-15;CONVERSOR;MPP1 - INSPEÇĂO EXTERNA DE AEROGERADOR - M6;1
BJS;2026-01-27 08:00:00;2026-01-27 09:12:00;RDO-14;NACELLE;MPP1 - INSPEÇĂO EXTERNA DE AEROGERADOR - M6;1
BJS;2026-01-27 08:00:00;2026-01-27 09:13:00;RDO-14;SISTEMA PITCH;MPP1 - INSPEÇĂO EXTERNA DE AEROGERADOR - M6;1
BJS;2026-01-27 08:00:00;2026-01-27 09:14:00;RDO-14;TORRE WTG;MPP1 - INSPEÇĂO EXTERNA DE AEROGERADOR - M6;1
BJS;2026-01-27 08:00:00;2026-01-27 09:15:00;RDO-14;CONVERSOR;MPP1 - INSPEÇĂO EXTERNA DE AEROGERADOR - M6;1
BJS;2026-01-27 08:00:00;2026-01-27 09:16:00;RDO-14;GERADOR;MPP1 - INSPEÇĂO EXTERNA DE AEROGERADOR - M6;1
BJS;2026-01-27 08:00:00;2026-01-27 09:32:00;STO-01;SISTEMA PITCH;MPP1 - INSPEÇĂO EXTERNA DE AEROGERADOR - M6;1
BJS;2026-01-27 08:00:00;2026-01-27 09:42:00;STO-01;CONVERSOR;MPP1 - INSPEÇĂO EXTERNA DE AEROGERADOR - M6;1
BJS;2026-01-27 08:00:00;2026-01-27 09:43:00;STO-01;GERADOR;MPP1 - INSPEÇĂO EXTERNA DE AEROGERADOR - M6;1
BJS;2026-01-27 08:00:00;2026-01-27 09:44:00;STO-01;NACELLE;MPP1 - INSPEÇĂO EXTERNA DE AEROGERADOR - M6;1
BJS;2026-01-27 08:00:00;2026-01-27 09:44:00;STO-01;TORRE WTG;MPP1 - INSPEÇĂO EXTERNA DE AEROGERADOR - M6;1
BJS;2026-01-27 08:00:00;2026-01-27 10:10:00;STO-02;GERADOR;MPP1 - INSPEÇĂO EXTERNA DE AEROGERADOR - M6;1
BJS;2026-01-27 08:00:00;2026-01-27 10:10:00;STO-02;NACELLE;MPP1 - INSPEÇĂO EXTERNA DE AEROGERADOR - M6;1
BJS;2026-01-27 08:00:00;2026-01-27 10:11:00;STO-02;CONVERSOR;MPP1 - INSPEÇĂO EXTERNA DE AEROGERADOR - M6;1
BJS;2026-01-27 08:00:00;2026-01-27 10:11:00;STO-02;SISTEMA PITCH;MPP1 - INSPEÇĂO EXTERNA DE AEROGERADOR - M6;1
BJS;2026-01-27 08:12:00;2026-01-27 10:12:00;STO-02;TORRE WTG;MPP1 - INSPEÇĂO EXTERNA DE AEROGERADOR - M6;1
BJS;2026-01-28 08:00:00;2026-01-28 08:42:00;PUL-14;CONVERSOR;MPP1 - INSPEÇĂO EXTERNA DE AEROGERADOR - M6;1
BJS;2026-01-28 08:00:00;2026-01-28 08:43:00;PUL-14;TORRE WTG;MPP1 - INSPEÇĂO EXTERNA DE AEROGERADOR - M6;1
BJS;2026-01-28 08:00:00;2026-01-28 08:44:00;PUL-14;NACELLE;MPP1 - INSPEÇĂO EXTERNA DE AEROGERADOR - M6;1
BJS;2026-01-28 08:00:00;2026-01-28 08:45:00;PUL-14;GERADOR;MPP1 - INSPEÇĂO EXTERNA DE AEROGERADOR - M6;1
BJS;2026-01-28 08:00:00;2026-01-28 08:46:00;PUL-14;SISTEMA PITCH;MPP1 - INSPEÇĂO EXTERNA DE AEROGERADOR - M6;1
BJS;2026-01-28 08:00:00;2026-01-28 08:51:00;PUL-15;SISTEMA PITCH;MPP1 - INSPEÇĂO EXTERNA DE AEROGERADOR - M6;1
BJS;2026-01-28 08:00:00;2026-01-28 08:52:00;PUL-15;GERADOR;MPP1 - INSPEÇĂO EXTERNA DE AEROGERADOR - M6;1
BJS;2026-01-28 08:00:00;2026-01-28 08:57:00;PUL-15;CONVERSOR;MPP1 - INSPEÇĂO EXTERNA DE AEROGERADOR - M6;1
BJS;2026-01-28 08:00:00;2026-01-28 08:58:00;PUL-15;NACELLE;MPP1 - INSPEÇĂO EXTERNA DE AEROGERADOR - M6;1
BJS;2026-01-28 08:00:00;2026-01-28 09:00:00;PUL-15;TORRE WTG;MPP1 - INSPEÇĂO EXTERNA DE AEROGERADOR - M6;1
BJS;2026-01-28 08:00:00;2026-01-28 09:16:00;PUL-16;CONVERSOR;MPP1 - INSPEÇĂO EXTERNA DE AEROGERADOR - M6;1
BJS;2026-01-28 08:00:00;2026-01-28 09:17:00;PUL-16;TORRE WTG;MPP1 - INSPEÇĂO EXTERNA DE AEROGERADOR - M6;1
BJS;2026-01-28 08:00:00;2026-01-28 09:18:00;PUL-16;GERADOR;MPP1 - INSPEÇĂO EXTERNA DE AEROGERADOR - M6;1
BJS;2026-01-28 08:00:00;2026-01-28 09:19:00;PUL-16;NACELLE;MPP1 - INSPEÇĂO EXTERNA DE AEROGERADOR - M6;1
BJS;2026-01-28 08:00:00;2026-01-28 09:19:00;PUL-16;SISTEMA PITCH;MPP1 - INSPEÇĂO EXTERNA DE AEROGERADOR - M6;1
BJS;2026-01-28 08:00:00;2026-01-28 09:25:00;PUL-17;NACELLE;MPP1 - INSPEÇĂO EXTERNA DE AEROGERADOR - M6;1
BJS;2026-01-28 08:00:00;2026-01-28 09:26:00;PUL-17;CONVERSOR;MPP1 - INSPEÇĂO EXTERNA DE AEROGERADOR - M6;1
BJS;2026-01-28 08:00:00;2026-01-28 09:28:00;PUL-17;GERADOR;MPP1 - INSPEÇĂO EXTERNA DE AEROGERADOR - M6;1
BJS;2026-01-28 08:00:00;2026-01-28 09:29:00;PUL-17;TORRE WTG;MPP1 - INSPEÇĂO EXTERNA DE AEROGERADOR - M6;1
BJS;2026-01-28 08:00:00;2026-01-28 09:30:00;PUL-17;SISTEMA PITCH;MPP1 - INSPEÇĂO EXTERNA DE AEROGERADOR - M6;1
BJS;2026-01-28 08:00:00;2026-01-28 09:35:00;PUL-18;GERADOR;MPP1 - INSPEÇĂO EXTERNA DE AEROGERADOR - M6;1
BJS;2026-01-28 08:00:00;2026-01-28 09:35:00;PUL-18;SISTEMA PITCH;MPP1 - INSPEÇĂO EXTERNA DE AEROGERADOR - M6;1
BJS;2026-01-28 08:00:00;2026-01-28 09:36:00;PUL-18;TORRE WTG;MPP1 - INSPEÇĂO EXTERNA DE AEROGERADOR - M6;1
BJS;2026-01-28 08:00:00;2026-01-28 09:37:00;PUL-18;CONVERSOR;MPP1 - INSPEÇĂO EXTERNA DE AEROGERADOR - M6;1
BJS;2026-01-28 08:00:00;2026-01-28 09:38:00;PUL-18;NACELLE;MPP1 - INSPEÇĂO EXTERNA DE AEROGERADOR - M6;1
BJS;2026-01-28 08:00:00;2026-01-28 09:51:00;PUL-19;CONVERSOR;MPP1 - INSPEÇĂO EXTERNA DE AEROGERADOR - M6;1
BJS;2026-01-28 08:00:00;2026-01-28 09:52:00;PUL-19;GERADOR;MPP1 - INSPEÇĂO EXTERNA DE AEROGERADOR - M6;1
BJS;2026-01-28 08:00:00;2026-01-28 09:53:00;PUL-19;SISTEMA PITCH;MPP1 - INSPEÇĂO EXTERNA DE AEROGERADOR - M6;1
BJS;2026-01-28 08:00:00;2026-01-28 09:54:00;PUL-19;TORRE WTG;MPP1 - INSPEÇĂO EXTERNA DE AEROGERADOR - M6;1
BJS;2026-01-28 08:00:00;2026-01-28 09:55:00;PUL-19;NACELLE;MPP1 - INSPEÇĂO EXTERNA DE AEROGERADOR - M6;1
BJS;2026-01-28 08:00:00;2026-01-28 10:06:00;PUL-20;CONVERSOR;MPP1 - INSPEÇĂO EXTERNA DE AEROGERADOR - M6;1
BJS;2026-01-28 08:00:00;2026-01-28 10:07:00;PUL-20;GERADOR;MPP1 - INSPEÇĂO EXTERNA DE AEROGERADOR - M6;1
BJS;2026-01-28 08:00:00;2026-01-28 10:08:00;PUL-20;NACELLE;MPP1 - INSPEÇĂO EXTERNA DE AEROGERADOR - M6;1
BJS;2026-01-28 08:00:00;2026-01-28 10:09:00;PUL-20;TORRE WTG;MPP1 - INSPEÇĂO EXTERNA DE AEROGERADOR - M6;1
BJS;2026-01-28 08:00:00;2026-01-28 10:10:00;PUL-20;SISTEMA PITCH;MPP1 - INSPEÇĂO EXTERNA DE AEROGERADOR - M6;1
BJS;2026-01-28 08:00:00;2026-01-28 10:26:00;PUL-01;SISTEMA PITCH;MPP1 - INSPEÇĂO EXTERNA DE AEROGERADOR - M6;1
BJS;2026-01-28 08:00:00;2026-01-28 10:27:00;PUL-01;GERADOR;MPP1 - INSPEÇĂO EXTERNA DE AEROGERADOR - M6;1
BJS;2026-01-28 08:00:00;2026-01-28 10:28:00;PUL-01;TORRE WTG;MPP1 - INSPEÇĂO EXTERNA DE AEROGERADOR - M6;1
BJS;2026-01-28 08:00:00;2026-01-28 10:29:00;PUL-01;CONVERSOR;MPP1 - INSPEÇĂO EXTERNA DE AEROGERADOR - M6;1
BJS;2026-01-28 08:00:00;2026-01-28 10:30:00;PUL-01;NACELLE;MPP1 - INSPEÇĂO EXTERNA DE AEROGERADOR - M6;1
BJS;2026-01-28 08:00:00;2026-01-28 10:32:00;PUL-02;SISTEMA PITCH;MPP1 - INSPEÇĂO EXTERNA DE AEROGERADOR - M6;1
BJS;2026-01-28 08:00:00;2026-01-28 10:33:00;PUL-02;NACELLE;MPP1 - INSPEÇĂO EXTERNA DE AEROGERADOR - M6;1
BJS;2026-01-28 08:00:00;2026-01-28 10:34:00;PUL-02;TORRE WTG;MPP1 - INSPEÇĂO EXTERNA DE AEROGERADOR - M6;1
BJS;2026-01-28 08:00:00;2026-01-28 10:35:00;PUL-02;GERADOR;MPP1 - INSPEÇĂO EXTERNA DE AEROGERADOR - M6;1
BJS;2026-01-28 08:00:00;2026-01-28 10:36:00;PUL-02;CONVERSOR;MPP1 - INSPEÇĂO EXTERNA DE AEROGERADOR - M6;1
BJS;2026-01-28 08:00:00;2026-01-28 10:44:00;PUL-03;CONVERSOR;MPP1 - INSPEÇĂO EXTERNA DE AEROGERADOR - M6;1
BJS;2026-01-28 08:00:00;2026-01-28 10:44:00;PUL-03;GERADOR;MPP1 - INSPEÇĂO EXTERNA DE AEROGERADOR - M6;1
BJS;2026-01-28 08:00:00;2026-01-28 10:45:00;PUL-03;NACELLE;MPP1 - INSPEÇĂO EXTERNA DE AEROGERADOR - M6;1
BJS;2026-01-28 08:00:00;2026-01-28 10:46:00;PUL-03;TORRE WTG;MPP1 - INSPEÇĂO EXTERNA DE AEROGERADOR - M6;1
BJS;2026-01-28 08:00:00;2026-01-28 10:47:00;PUL-03;SISTEMA PITCH;MPP1 - INSPEÇĂO EXTERNA DE AEROGERADOR - M6;1
BJS;2026-01-29 08:00:00;2026-01-29 08:10:00;PUL-13;CONVERSOR;MPP1 - INSPEÇĂO EXTERNA DE AEROGERADOR - M6;1
BJS;2026-01-29 08:00:00;2026-01-29 08:10:00;PUL-13;SISTEMA PITCH;MPP1 - INSPEÇĂO EXTERNA DE AEROGERADOR - M6;1
BJS;2026-01-29 08:00:00;2026-01-29 08:12:00;PUL-13;GERADOR;MPP1 - INSPEÇĂO EXTERNA DE AEROGERADOR - M6;1
BJS;2026-01-29 08:00:00;2026-01-29 08:12:00;PUL-13;NACELLE;MPP1 - INSPEÇĂO EXTERNA DE AEROGERADOR - M6;1
BJS;2026-01-29 08:00:00;2026-01-29 08:14:00;PUL-13;TORRE WTG;MPP1 - INSPEÇĂO EXTERNA DE AEROGERADOR - M6;1
BJS;2026-01-29 08:00:00;2026-01-29 08:20:00;PUL-12;GERADOR;MPP1 - INSPEÇĂO EXTERNA DE AEROGERADOR - M6;1
BJS;2026-01-29 08:00:00;2026-01-29 08:20:00;PUL-12;TORRE WTG;MPP1 - INSPEÇĂO EXTERNA DE AEROGERADOR - M6;1
BJS;2026-01-29 08:00:00;2026-01-29 08:21:00;PUL-12;NACELLE;MPP1 - INSPEÇĂO EXTERNA DE AEROGERADOR - M6;1
BJS;2026-01-29 08:00:00;2026-01-29 08:22:00;PUL-12;SISTEMA PITCH;MPP1 - INSPEÇĂO EXTERNA DE AEROGERADOR - M6;1
BJS;2026-01-29 08:00:00;2026-01-29 08:23:00;PUL-12;CONVERSOR;MPP1 - INSPEÇĂO EXTERNA DE AEROGERADOR - M6;1
BJS;2026-01-29 08:00:00;2026-01-29 08:26:00;PUL-11;SISTEMA PITCH;MPP1 - INSPEÇĂO EXTERNA DE AEROGERADOR - M6;1
BJS;2026-01-29 08:00:00;2026-01-29 08:28:00;PUL-11;TORRE WTG;MPP1 - INSPEÇĂO EXTERNA DE AEROGERADOR - M6;1
BJS;2026-01-29 08:00:00;2026-01-29 08:29:00;PUL-11;GERADOR;MPP1 - INSPEÇĂO EXTERNA DE AEROGERADOR - M6;1
BJS;2026-01-29 08:00:00;2026-01-29 08:32:00;PUL-11;CONVERSOR;MPP1 - INSPEÇĂO EXTERNA DE AEROGERADOR - M6;1
BJS;2026-01-29 08:00:00;2026-01-29 08:32:00;PUL-11;NACELLE;MPP1 - INSPEÇĂO EXTERNA DE AEROGERADOR - M6;1
BJS;2026-01-29 08:00:00;2026-01-29 08:36:00;PUL-10;SISTEMA PITCH;MPP1 - INSPEÇĂO EXTERNA DE AEROGERADOR - M6;1
BJS;2026-01-29 08:00:00;2026-01-29 08:37:00;PUL-10;CONVERSOR;MPP1 - INSPEÇĂO EXTERNA DE AEROGERADOR - M6;1
BJS;2026-01-29 08:00:00;2026-01-29 08:38:00;PUL-10;GERADOR;MPP1 - INSPEÇĂO EXTERNA DE AEROGERADOR - M6;1
BJS;2026-01-29 08:00:00;2026-01-29 08:38:00;PUL-10;NACELLE;MPP1 - INSPEÇĂO EXTERNA DE AEROGERADOR - M6;1
BJS;2026-01-29 08:00:00;2026-01-29 08:39:00;PUL-10;TORRE WTG;MPP1 - INSPEÇĂO EXTERNA DE AEROGERADOR - M6;1
BJS;2026-01-29 08:00:00;2026-01-29 08:42:00;PUL-09;SISTEMA PITCH;MPP1 - INSPEÇĂO EXTERNA DE AEROGERADOR - M6;1
BJS;2026-01-29 08:00:00;2026-01-29 08:43:00;PUL-09;CONVERSOR;MPP1 - INSPEÇĂO EXTERNA DE AEROGERADOR - M6;1
BJS;2026-01-29 08:00:00;2026-01-29 08:45:00;PUL-09;TORRE WTG;MPP1 - INSPEÇĂO EXTERNA DE AEROGERADOR - M6;1
BJS;2026-01-29 08:00:00;2026-01-29 08:46:00;PUL-09;GERADOR;MPP1 - INSPEÇĂO EXTERNA DE AEROGERADOR - M6;1
BJS;2026-01-29 08:00:00;2026-01-29 08:49:00;PUL-09;NACELLE;MPP1 - INSPEÇĂO EXTERNA DE AEROGERADOR - M6;1
BJS;2026-01-29 08:00:00;2026-01-29 08:54:00;PUL-08;SISTEMA PITCH;MPP1 - INSPEÇĂO EXTERNA DE AEROGERADOR - M6;1
BJS;2026-01-29 08:00:00;2026-01-29 08:55:00;PUL-08;CONVERSOR;MPP1 - INSPEÇĂO EXTERNA DE AEROGERADOR - M6;1
BJS;2026-01-29 08:00:00;2026-01-29 08:56:00;PUL-08;TORRE WTG;MPP1 - INSPEÇĂO EXTERNA DE AEROGERADOR - M6;1
BJS;2026-01-29 08:00:00;2026-01-29 08:57:00;PUL-08;GERADOR;MPP1 - INSPEÇĂO EXTERNA DE AEROGERADOR - M6;1
BJS;2026-01-29 08:00:00;2026-01-29 08:58:00;PUL-08;NACELLE;MPP1 - INSPEÇĂO EXTERNA DE AEROGERADOR - M6;1
BJS;2026-01-29 08:00:00;2026-01-29 09:05:00;PUL-07;NACELLE;MPP1 - INSPEÇĂO EXTERNA DE AEROGERADOR - M6;1
BJS;2026-01-29 08:00:00;2026-01-29 09:06:00;PUL-07;GERADOR;MPP1 - INSPEÇĂO EXTERNA DE AEROGERADOR - M6;1
BJS;2026-01-29 08:00:00;2026-01-29 09:07:00;PUL-07;SISTEMA PITCH;MPP1 - INSPEÇĂO EXTERNA DE AEROGERADOR - M6;1
BJS;2026-01-29 08:00:00;2026-01-29 09:07:00;PUL-07;TORRE WTG;MPP1 - INSPEÇĂO EXTERNA DE AEROGERADOR - M6;1
BJS;2026-01-29 08:00:00;2026-01-29 09:08:00;PUL-07;CONVERSOR;MPP1 - INSPEÇĂO EXTERNA DE AEROGERADOR - M6;1
BJS;2026-01-29 08:00:00;2026-01-29 09:14:00;PUL-06;CONVERSOR;MPP1 - INSPEÇĂO EXTERNA DE AEROGERADOR - M6;1
BJS;2026-01-29 08:00:00;2026-01-29 09:15:00;PUL-06;NACELLE;MPP1 - INSPEÇĂO EXTERNA DE AEROGERADOR - M6;1
BJS;2026-01-29 08:00:00;2026-01-29 09:15:00;PUL-06;TORRE WTG;MPP1 - INSPEÇĂO EXTERNA DE AEROGERADOR - M6;1
BJS;2026-01-29 08:00:00;2026-01-29 09:16:00;PUL-06;GERADOR;MPP1 - INSPEÇĂO EXTERNA DE AEROGERADOR - M6;1
BJS;2026-01-29 08:00:00;2026-01-29 09:17:00;PUL-06;SISTEMA PITCH;MPP1 - INSPEÇĂO EXTERNA DE AEROGERADOR - M6;1
BJS;2026-01-29 08:00:00;2026-01-29 09:21:00;PUL-05;TORRE WTG;MPP1 - INSPEÇĂO EXTERNA DE AEROGERADOR - M6;1
BJS;2026-01-29 08:00:00;2026-01-29 09:22:00;PUL-05;SISTEMA PITCH;MPP1 - INSPEÇĂO EXTERNA DE AEROGERADOR - M6;1
BJS;2026-01-29 08:00:00;2026-01-29 09:23:00;PUL-05;CONVERSOR;MPP1 - INSPEÇĂO EXTERNA DE AEROGERADOR - M6;1
BJS;2026-01-29 08:00:00;2026-01-29 09:23:00;PUL-05;GERADOR;MPP1 - INSPEÇĂO EXTERNA DE AEROGERADOR - M6;1
BJS;2026-01-29 08:00:00;2026-01-29 09:24:00;PUL-05;NACELLE;MPP1 - INSPEÇĂO EXTERNA DE AEROGERADOR - M6;1
BJS;2026-01-29 08:00:00;2026-01-29 09:31:00;PUL-04;CONVERSOR;MPP1 - INSPEÇĂO EXTERNA DE AEROGERADOR - M6;1
BJS;2026-01-29 08:00:00;2026-01-29 09:31:00;PUL-04;NACELLE;MPP1 - INSPEÇĂO EXTERNA DE AEROGERADOR - M6;1
BJS;2026-01-29 08:00:00;2026-01-29 09:32:00;PUL-04;GERADOR;MPP1 - INSPEÇĂO EXTERNA DE AEROGERADOR - M6;1
BJS;2026-01-29 08:00:00;2026-01-29 09:33:00;PUL-04;TORRE WTG;MPP1 - INSPEÇĂO EXTERNA DE AEROGERADOR - M6;1
BJS;2026-01-29 08:00:00;2026-01-29 09:34:00;PUL-04;SISTEMA PITCH;MPP1 - INSPEÇĂO EXTERNA DE AEROGERADOR - M6;1
BJS;2026-01-30 08:00:00;2026-01-30 08:11:00;BJS-20;TORRE WTG;MPP1 - INSPEÇĂO EXTERNA DE AEROGERADOR - M6;1
BJS;2026-01-30 08:00:00;2026-01-30 08:12:00;BJS-20;NACELLE;MPP1 - INSPEÇĂO EXTERNA DE AEROGERADOR - M6;1
BJS;2026-01-30 08:00:00;2026-01-30 08:13:00;BJS-20;CONVERSOR;MPP1 - INSPEÇĂO EXTERNA DE AEROGERADOR - M6;1
BJS;2026-01-30 08:00:00;2026-01-30 08:13:00;BJS-20;SISTEMA PITCH;MPP1 - INSPEÇĂO EXTERNA DE AEROGERADOR - M6;1
BJS;2026-01-30 08:00:00;2026-01-30 08:14:00;BJS-20;GERADOR;MPP1 - INSPEÇĂO EXTERNA DE AEROGERADOR - M6;1
BJS;2026-01-30 08:00:00;2026-01-30 08:16:00;BJS-19;CONVERSOR;MPP1 - INSPEÇĂO EXTERNA DE AEROGERADOR - M6;1
BJS;2026-01-30 08:00:00;2026-01-30 08:17:00;BJS-19;SISTEMA PITCH;MPP1 - INSPEÇĂO EXTERNA DE AEROGERADOR - M6;1
BJS;2026-01-30 08:00:00;2026-01-30 08:18:00;BJS-19;GERADOR;MPP1 - INSPEÇĂO EXTERNA DE AEROGERADOR - M6;1
BJS;2026-01-30 08:00:00;2026-01-30 08:18:00;BJS-19;NACELLE;MPP1 - INSPEÇĂO EXTERNA DE AEROGERADOR - M6;1
BJS;2026-01-30 08:00:00;2026-01-30 08:19:00;BJS-19;TORRE WTG;MPP1 - INSPEÇĂO EXTERNA DE AEROGERADOR - M6;1
BJS;2026-01-30 08:00:00;2026-01-30 08:25:00;BJS-18;CONVERSOR;MPP1 - INSPEÇĂO EXTERNA DE AEROGERADOR - M6;1
BJS;2026-01-30 08:00:00;2026-01-30 08:26:00;BJS-18;TORRE WTG;MPP1 - INSPEÇĂO EXTERNA DE AEROGERADOR - M6;1
BJS;2026-01-30 08:00:00;2026-01-30 08:27:00;BJS-18;NACELLE;MPP1 - INSPEÇĂO EXTERNA DE AEROGERADOR - M6;1
BJS;2026-01-30 08:00:00;2026-01-30 08:27:00;BJS-18;SISTEMA PITCH;MPP1 - INSPEÇĂO EXTERNA DE AEROGERADOR - M6;1
BJS;2026-01-30 08:00:00;2026-01-30 08:28:00;BJS-18;GERADOR;MPP1 - INSPEÇĂO EXTERNA DE AEROGERADOR - M6;1
BJS;2026-02-02 08:00:00;2026-02-02 08:42:00;BJS-06;GERADOR;MPP1 - INSPEÇĂO EXTERNA DE AEROGERADOR - M6;1
BJS;2026-02-02 08:00:00;2026-02-02 08:44:00;BJS-06;NACELLE;MPP1 - INSPEÇĂO EXTERNA DE AEROGERADOR - M6;1
BJS;2026-02-02 08:00:00;2026-02-02 08:45:00;BJS-06;TORRE WTG;MPP1 - INSPEÇĂO EXTERNA DE AEROGERADOR - M6;1
BJS;2026-02-02 08:00:00;2026-02-02 08:46:00;BJS-06;SISTEMA PITCH;MPP1 - INSPEÇĂO EXTERNA DE AEROGERADOR - M6;1
BJS;2026-02-02 08:00:00;2026-02-02 08:48:00;BJS-06;CONVERSOR;MPP1 - INSPEÇĂO EXTERNA DE AEROGERADOR - M6;1
BJS;2026-02-02 08:00:00;2026-02-02 09:17:00;BJS-07;SISTEMA PITCH;MPP1 - INSPEÇĂO EXTERNA DE AEROGERADOR - M6;1
BJS;2026-02-02 08:00:00;2026-02-02 09:18:00;BJS-07;NACELLE;MPP1 - INSPEÇĂO EXTERNA DE AEROGERADOR - M6;1
BJS;2026-02-02 08:00:00;2026-02-02 09:19:00;BJS-07;GERADOR;MPP1 - INSPEÇĂO EXTERNA DE AEROGERADOR - M6;1
BJS;2026-02-02 08:00:00;2026-02-02 09:20:00;BJS-07;CONVERSOR;MPP1 - INSPEÇĂO EXTERNA DE AEROGERADOR - M6;1
BJS;2026-02-02 08:00:00;2026-02-02 09:21:00;BJS-07;TORRE WTG;MPP1 - INSPEÇĂO EXTERNA DE AEROGERADOR - M6;1
BJS;2026-02-02 08:00:00;2026-02-02 09:24:00;BJS-08;CONVERSOR;MPP1 - INSPEÇĂO EXTERNA DE AEROGERADOR - M6;1
BJS;2026-02-02 08:00:00;2026-02-02 09:25:00;BJS-08;TORRE WTG;MPP1 - INSPEÇĂO EXTERNA DE AEROGERADOR - M6;1
BJS;2026-02-02 08:00:00;2026-02-02 09:27:00;BJS-08;SISTEMA PITCH;MPP1 - INSPEÇĂO EXTERNA DE AEROGERADOR - M6;1
BJS;2026-02-02 08:00:00;2026-02-02 09:28:00;BJS-08;GERADOR;MPP1 - INSPEÇĂO EXTERNA DE AEROGERADOR - M6;1
BJS;2026-02-02 08:00:00;2026-02-02 09:29:00;BJS-08;NACELLE;MPP1 - INSPEÇĂO EXTERNA DE AEROGERADOR - M6;1
BJS;2026-02-02 08:00:00;2026-02-02 09:33:00;BJS-09;NACELLE;MPP1 - INSPEÇĂO EXTERNA DE AEROGERADOR - M6;1
BJS;2026-02-02 08:00:00;2026-02-02 09:34:00;BJS-09;CONVERSOR;MPP1 - INSPEÇĂO EXTERNA DE AEROGERADOR - M6;1
BJS;2026-02-02 08:00:00;2026-02-02 09:40:00;BJS-09;GERADOR;MPP1 - INSPEÇĂO EXTERNA DE AEROGERADOR - M6;1
BJS;2026-02-02 08:00:00;2026-02-02 09:44:00;BJS-09;SISTEMA PITCH;MPP1 - INSPEÇĂO EXTERNA DE AEROGERADOR - M6;1
BJS;2026-02-02 08:00:00;2026-02-02 09:45:00;BJS-09;TORRE WTG;MPP1 - INSPEÇĂO EXTERNA DE AEROGERADOR - M6;1
BJS;2026-02-02 08:00:00;2026-02-02 09:49:00;BJS-10;CONVERSOR;MPP1 - INSPEÇĂO EXTERNA DE AEROGERADOR - M6;1
BJS;2026-02-02 08:00:00;2026-02-02 09:49:00;BJS-10;GERADOR;MPP1 - INSPEÇĂO EXTERNA DE AEROGERADOR - M6;1
BJS;2026-02-02 08:00:00;2026-02-02 09:51:00;BJS-10;NACELLE;MPP1 - INSPEÇĂO EXTERNA DE AEROGERADOR - M6;1
BJS;2026-02-02 08:00:00;2026-02-02 09:52:00;BJS-10;SISTEMA PITCH;MPP1 - INSPEÇĂO EXTERNA DE AEROGERADOR - M6;1
BJS;2026-02-02 08:00:00;2026-02-02 09:53:00;BJS-10;TORRE WTG;MPP1 - INSPEÇĂO EXTERNA DE AEROGERADOR - M6;1
BJS;2026-02-02 08:00:00;2026-02-02 10:04:00;BJS-11;TORRE WTG;MPP1 - INSPEÇĂO EXTERNA DE AEROGERADOR - M6;1
BJS;2026-02-02 08:00:00;2026-02-02 10:05:00;BJS-11;GERADOR;MPP1 - INSPEÇĂO EXTERNA DE AEROGERADOR - M6;1
BJS;2026-02-02 08:00:00;2026-02-02 10:06:00;BJS-11;NACELLE;MPP1 - INSPEÇĂO EXTERNA DE AEROGERADOR - M6;1
BJS;2026-02-02 08:00:00;2026-02-02 10:07:00;BJS-11;SISTEMA PITCH;MPP1 - INSPEÇĂO EXTERNA DE AEROGERADOR - M6;1
BJS;2026-02-02 08:00:00;2026-02-02 10:08:00;BJS-11;CONVERSOR;MPP1 - INSPEÇĂO EXTERNA DE AEROGERADOR - M6;1
BJS;2026-02-02 08:00:00;2026-02-02 10:13:00;BJS-13;GERADOR;MPP1 - INSPEÇĂO EXTERNA DE AEROGERADOR - M6;1
BJS;2026-02-02 08:00:00;2026-02-02 10:14:00;BJS-13;NACELLE;MPP1 - INSPEÇĂO EXTERNA DE AEROGERADOR - M6;1
BJS;2026-02-02 08:00:00;2026-02-02 10:17:00;BJS-13;CONVERSOR;MPP1 - INSPEÇĂO EXTERNA DE AEROGERADOR - M6;1
BJS;2026-02-02 08:00:00;2026-02-02 10:17:00;BJS-13;TORRE WTG;MPP1 - INSPEÇĂO EXTERNA DE AEROGERADOR - M6;1
BJS;2026-02-02 08:00:00;2026-02-02 10:18:00;BJS-13;SISTEMA PITCH;MPP1 - INSPEÇĂO EXTERNA DE AEROGERADOR - M6;1
BJS;2026-02-02 08:00:00;2026-02-02 10:21:00;BJS-12;CONVERSOR;MPP1 - INSPEÇĂO EXTERNA DE AEROGERADOR - M6;1
BJS;2026-02-02 08:00:00;2026-02-02 10:22:00;BJS-12;SISTEMA PITCH;MPP1 - INSPEÇĂO EXTERNA DE AEROGERADOR - M6;1
BJS;2026-02-02 08:00:00;2026-02-02 10:23:00;BJS-12;GERADOR;MPP1 - INSPEÇĂO EXTERNA DE AEROGERADOR - M6;1
BJS;2026-02-02 08:00:00;2026-02-02 10:24:00;BJS-12;NACELLE;MPP1 - INSPEÇĂO EXTERNA DE AEROGERADOR - M6;1
BJS;2026-02-02 08:00:00;2026-02-02 10:25:00;BJS-12;TORRE WTG;MPP1 - INSPEÇĂO EXTERNA DE AEROGERADOR - M6;1
BJS;2026-02-02 08:00:00;2026-02-02 10:40:00;BJS-17;GERADOR;MPP1 - INSPEÇĂO EXTERNA DE AEROGERADOR - M6;1
BJS;2026-02-02 08:00:00;2026-02-02 10:40:00;BJS-17;TORRE WTG;MPP1 - INSPEÇĂO EXTERNA DE AEROGERADOR - M6;1
BJS;2026-02-02 08:00:00;2026-02-02 10:41:00;BJS-17;SISTEMA PITCH;MPP1 - INSPEÇĂO EXTERNA DE AEROGERADOR - M6;1
BJS;2026-02-02 08:00:00;2026-02-02 10:42:00;BJS-17;CONVERSOR;MPP1 - INSPEÇĂO EXTERNA DE AEROGERADOR - M6;1
BJS;2026-02-02 08:00:00;2026-02-02 10:42:00;BJS-17;NACELLE;MPP1 - INSPEÇĂO EXTERNA DE AEROGERADOR - M6;1
BJS;2026-02-02 08:00:00;2026-02-02 10:45:00;BJS-16;GERADOR;MPP1 - INSPEÇĂO EXTERNA DE AEROGERADOR - M6;1
BJS;2026-02-02 08:00:00;2026-02-02 10:46:00;BJS-16;NACELLE;MPP1 - INSPEÇĂO EXTERNA DE AEROGERADOR - M6;1
BJS;2026-02-02 08:00:00;2026-02-02 10:47:00;BJS-16;CONVERSOR;MPP1 - INSPEÇĂO EXTERNA DE AEROGERADOR - M6;1
BJS;2026-02-02 08:00:00;2026-02-02 10:47:00;BJS-16;TORRE WTG;MPP1 - INSPEÇĂO EXTERNA DE AEROGERADOR - M6;1
BJS;2026-02-02 08:00:00;2026-02-02 10:48:00;BJS-16;SISTEMA PITCH;MPP1 - INSPEÇĂO EXTERNA DE AEROGERADOR - M6;1
BJS;2026-02-02 08:00:00;2026-02-02 10:51:00;BJS-15;TORRE WTG;MPP1 - INSPEÇĂO EXTERNA DE AEROGERADOR - M6;1
BJS;2026-02-02 08:00:00;2026-02-02 10:53:00;BJS-15;NACELLE;MPP1 - INSPEÇĂO EXTERNA DE AEROGERADOR - M6;1
BJS;2026-02-02 08:00:00;2026-02-02 10:54:00;BJS-15;CONVERSOR;MPP1 - INSPEÇĂO EXTERNA DE AEROGERADOR - M6;1
BJS;2026-02-02 08:00:00;2026-02-02 10:55:00;BJS-15;GERADOR;MPP1 - INSPEÇĂO EXTERNA DE AEROGERADOR - M6;1
BJS;2026-02-02 08:00:00;2026-02-02 10:55:00;BJS-15;SISTEMA PITCH;MPP1 - INSPEÇĂO EXTERNA DE AEROGERADOR - M6;1
BJS;2026-02-02 08:00:00;2026-02-02 10:58:00;BJS-14;NACELLE;MPP1 - INSPEÇĂO EXTERNA DE AEROGERADOR - M6;1
BJS;2026-02-02 08:00:00;2026-02-02 10:59:00;BJS-14;SISTEMA PITCH;MPP1 - INSPEÇĂO EXTERNA DE AEROGERADOR - M6;1
BJS;2026-02-02 08:00:00;2026-02-02 10:59:00;BJS-14;TORRE WTG;MPP1 - INSPEÇĂO EXTERNA DE AEROGERADOR - M6;1
BJS;2026-02-02 08:00:00;2026-02-02 11:00:00;BJS-14;CONVERSOR;MPP1 - INSPEÇĂO EXTERNA DE AEROGERADOR - M6;1
BJS;2026-02-02 08:00:00;2026-02-02 11:00:00;BJS-14;GERADOR;MPP1 - INSPEÇĂO EXTERNA DE AEROGERADOR - M6;1
BJS;2026-02-10 08:00:00;2026-02-10 08:04:00;BJS-01;SISTEMA PITCH;MPP1 - INSPEÇĂO EXTERNA DE AEROGERADOR - M6;1
BJS;2026-02-10 08:00:00;2026-02-10 08:05:00;BJS-01;GERADOR;MPP1 - INSPEÇĂO EXTERNA DE AEROGERADOR - M6;1
BJS;2026-02-10 08:00:00;2026-02-10 08:06:00;BJS-01;CONVERSOR;MPP1 - INSPEÇĂO EXTERNA DE AEROGERADOR - M6;1
BJS;2026-02-10 08:00:00;2026-02-10 08:06:00;BJS-01;NACELLE;MPP1 - INSPEÇĂO EXTERNA DE AEROGERADOR - M6;1
BJS;2026-02-10 08:00:00;2026-02-10 08:08:00;BJS-01;TORRE WTG;MPP1 - INSPEÇĂO EXTERNA DE AEROGERADOR - M6;1
BJS;2026-02-10 08:00:00;2026-02-10 08:11:00;BJS-04;TORRE WTG;MPP1 - INSPEÇĂO EXTERNA DE AEROGERADOR - M6;1
BJS;2026-02-10 08:00:00;2026-02-10 08:12:00;BJS-04;SISTEMA PITCH;MPP1 - INSPEÇĂO EXTERNA DE AEROGERADOR - M6;1
BJS;2026-02-10 08:00:00;2026-02-10 08:13:00;BJS-04;NACELLE;MPP1 - INSPEÇĂO EXTERNA DE AEROGERADOR - M6;1
BJS;2026-02-10 08:00:00;2026-02-10 08:14:00;BJS-04;GERADOR;MPP1 - INSPEÇĂO EXTERNA DE AEROGERADOR - M6;1
BJS;2026-02-10 08:00:00;2026-02-10 08:14:00;BJS-05;CONVERSOR;MPP1 - INSPEÇĂO EXTERNA DE AEROGERADOR - M6;1
BJS;2026-02-10 08:00:00;2026-02-10 08:15:00;BJS-05;SISTEMA PITCH;MPP1 - INSPEÇĂO EXTERNA DE AEROGERADOR - M6;1
BJS;2026-02-10 08:00:00;2026-02-10 08:16:00;BJS-04;CONVERSOR;MPP1 - INSPEÇĂO EXTERNA DE AEROGERADOR - M6;1
BJS;2026-02-10 08:00:00;2026-02-10 08:16:00;BJS-05;NACELLE;MPP1 - INSPEÇĂO EXTERNA DE AEROGERADOR - M6;1
BJS;2026-02-10 08:00:00;2026-02-10 08:17:00;BJS-05;GERADOR;MPP1 - INSPEÇĂO EXTERNA DE AEROGERADOR - M6;1
BJS;2026-02-10 08:00:00;2026-02-10 08:18:00;BJS-05;TORRE WTG;MPP1 - INSPEÇĂO EXTERNA DE AEROGERADOR - M6;1
BJS;2026-02-10 08:00:00;2026-02-10 08:27:00;BJS-03;CONVERSOR;MPP1 - INSPEÇĂO EXTERNA DE AEROGERADOR - M6;1
BJS;2026-02-10 08:00:00;2026-02-10 08:28:00;BJS-03;GERADOR;MPP1 - INSPEÇĂO EXTERNA DE AEROGERADOR - M6;1
BJS;2026-02-10 08:00:00;2026-02-10 08:28:00;BJS-03;TORRE WTG;MPP1 - INSPEÇĂO EXTERNA DE AEROGERADOR - M6;1
BJS;2026-02-10 08:00:00;2026-02-10 08:29:00;BJS-03;NACELLE;MPP1 - INSPEÇĂO EXTERNA DE AEROGERADOR - M6;1
BJS;2026-02-10 08:00:00;2026-02-10 08:30:00;BJS-03;SISTEMA PITCH;MPP1 - INSPEÇĂO EXTERNA DE AEROGERADOR - M6;1
BJS;2026-02-10 08:00:00;2026-02-10 08:41:00;BJS-02;CONVERSOR;MPP1 - INSPEÇĂO EXTERNA DE AEROGERADOR - M6;1
BJS;2026-02-10 08:00:00;2026-02-10 08:42:00;BJS-02;NACELLE;MPP1 - INSPEÇĂO EXTERNA DE AEROGERADOR - M6;1
BJS;2026-02-10 08:00:00;2026-02-10 08:43:00;BJS-02;GERADOR;MPP1 - INSPEÇĂO EXTERNA DE AEROGERADOR - M6;1
BJS;2026-02-10 08:00:00;2026-02-10 08:44:00;BJS-02;SISTEMA PITCH;MPP1 - INSPEÇĂO EXTERNA DE AEROGERADOR - M6;1
BJS;2026-02-10 08:00:00;2026-02-10 08:44:00;BJS-02;TORRE WTG;MPP1 - INSPEÇĂO EXTERNA DE AEROGERADOR - M6;1
BJS;2026-02-20 08:00:00;2026-02-20 09:17:00;PUL-06;TORRE WTG;INSPEÇĂO DE QUALIDADE DE AEROGERADOR;1
BJS;2026-02-20 08:00:00;2026-02-20 09:35:00;PUL-06;SISTEMA PITCH;INSPEÇĂO DE QUALIDADE DE AEROGERADOR;1
BJS;2026-02-20 08:00:00;2026-02-20 09:42:00;PUL-06;NACELLE;INSPEÇĂO DE QUALIDADE DE AEROGERADOR;1
BJS;2026-02-20 08:00:00;2026-02-20 09:43:00;PUL-06;GERADOR;INSPEÇĂO DE QUALIDADE DE AEROGERADOR;1
BJS;2026-02-20 08:00:00;2026-02-20 10:48:00;PUL-06;CONVERSOR;INSPEÇĂO DE QUALIDADE DE AEROGERADOR;1
CE;2026-01-07 08:00:00;2026-01-07 08:10:00;PPG-WS;FERRAMENTAS EQUIPAMENTOS DE ENSAIO E MEDIÇĂO;MPP6 - AUDITORIA DE FERRAMENTAS - M6;1
CE;2026-01-07 08:00:00;2026-01-07 08:18:00;PPG-WS;FERRAMENTAS EQUIPAMENTOS DE ENSAIO E MEDIÇĂO;MPP6 - AUDITORIA DE FERRAMENTAS - M6;1
CE;2026-01-07 08:00:00;2026-01-07 08:30:00;PPG-00;FERRAMENTAS EQUIPAMENTOS DE ENSAIO E MEDIÇĂO;MPP6 - AUDITORIA DE FERRAMENTAS - M6;1
CE;2026-01-07 08:00:00;2026-01-07 08:30:00;PPG-01;FERRAMENTAS EQUIPAMENTOS DE ENSAIO E MEDIÇĂO;MPP6 - AUDITORIA DE FERRAMENTAS - M6;1
CE;2026-01-07 08:00:00;2026-01-07 08:30:00;PPG-02;FERRAMENTAS EQUIPAMENTOS DE ENSAIO E MEDIÇĂO;MPP6 - AUDITORIA DE FERRAMENTAS - M6;1
CE;2026-01-07 08:00:00;2026-01-07 08:30:00;PPG-10;FERRAMENTAS EQUIPAMENTOS DE ENSAIO E MEDIÇĂO;MPP6 - AUDITORIA DE FERRAMENTAS - M6;1
CE;2026-01-07 08:00:00;2026-01-07 08:30:00;PPG-14;FERRAMENTAS EQUIPAMENTOS DE ENSAIO E MEDIÇĂO;MPP6 - AUDITORIA DE FERRAMENTAS - M6;1
CE;2026-01-07 08:00:00;2026-01-07 08:30:00;PPG-17;FERRAMENTAS EQUIPAMENTOS DE ENSAIO E MEDIÇĂO;MPP6 - AUDITORIA DE FERRAMENTAS - M6;1
CE;2026-01-07 08:00:00;2026-01-07 08:30:00;PPG-29;FERRAMENTAS EQUIPAMENTOS DE ENSAIO E MEDIÇĂO;MPP6 - AUDITORIA DE FERRAMENTAS - M6;1
CE;2026-01-07 08:00:00;2026-01-07 08:30:00;PPG-2K;FERRAMENTAS EQUIPAMENTOS DE ENSAIO E MEDIÇĂO;MPP6 - AUDITORIA DE FERRAMENTAS - M6;1
CE;2026-01-07 08:00:00;2026-01-07 08:30:00;PPG-30;FERRAMENTAS EQUIPAMENTOS DE ENSAIO E MEDIÇĂO;MPP6 - AUDITORIA DE FERRAMENTAS - M6;1
CE;2026-01-07 08:00:00;2026-01-07 08:30:00;PPG-41;FERRAMENTAS EQUIPAMENTOS DE ENSAIO E MEDIÇĂO;MPP6 - AUDITORIA DE FERRAMENTAS - M6;1
CE;2026-01-07 08:00:00;2026-01-07 08:30:00;PPG-44;FERRAMENTAS EQUIPAMENTOS DE ENSAIO E MEDIÇĂO;MPP6 - AUDITORIA DE FERRAMENTAS - M6;1
CE;2026-01-07 08:00:00;2026-01-07 08:30:00;PPG-45;FERRAMENTAS EQUIPAMENTOS DE ENSAIO E MEDIÇĂO;MPP6 - AUDITORIA DE FERRAMENTAS - M6;1
CE;2026-01-07 08:00:00;2026-01-07 08:30:00;PPG-55;FERRAMENTAS EQUIPAMENTOS DE ENSAIO E MEDIÇĂO;MPP6 - AUDITORIA DE FERRAMENTAS - M6;1
CE;2026-01-07 08:00:00;2026-01-07 08:30:00;PPG-5D;FERRAMENTAS EQUIPAMENTOS DE ENSAIO E MEDIÇĂO;MPP6 - AUDITORIA DE FERRAMENTAS - M6;1
CE;2026-01-07 08:00:00;2026-01-07 08:30:00;PPG-63;FERRAMENTAS EQUIPAMENTOS DE ENSAIO E MEDIÇĂO;MPP6 - AUDITORIA DE FERRAMENTAS - M6;1
CE;2026-01-07 08:00:00;2026-01-07 08:30:00;PPG-6C;FERRAMENTAS EQUIPAMENTOS DE ENSAIO E MEDIÇĂO;MPP6 - AUDITORIA DE FERRAMENTAS - M6;1
CE;2026-01-07 08:00:00;2026-01-07 08:30:00;PPG-78;FERRAMENTAS EQUIPAMENTOS DE ENSAIO E MEDIÇĂO;MPP6 - AUDITORIA DE FERRAMENTAS - M6;1
CE;2026-01-07 08:00:00;2026-01-07 08:30:00;PPG-7C;FERRAMENTAS EQUIPAMENTOS DE ENSAIO E MEDIÇĂO;MPP6 - AUDITORIA DE FERRAMENTAS - M6;1
CE;2026-01-07 08:00:00;2026-01-07 08:30:00;PPG-89;FERRAMENTAS EQUIPAMENTOS DE ENSAIO E MEDIÇĂO;MPP6 - AUDITORIA DE FERRAMENTAS - M6;1
CE;2026-01-07 08:00:00;2026-01-07 08:30:00;PPG-91;FERRAMENTAS EQUIPAMENTOS DE ENSAIO E MEDIÇĂO;MPP6 - AUDITORIA DE FERRAMENTAS - M6;1
CE;2026-01-07 08:00:00;2026-01-07 08:30:00;PPG-97;FERRAMENTAS EQUIPAMENTOS DE ENSAIO E MEDIÇĂO;MPP6 - AUDITORIA DE FERRAMENTAS - M6;1
CE;2026-01-07 08:00:00;2026-01-07 08:40:00;PPG-53;FERRAMENTAS EQUIPAMENTOS DE ENSAIO E MEDIÇĂO;MPP6 - AUDITORIA DE FERRAMENTAS - M6;1
CE;2026-01-07 08:00:00;2026-01-07 08:40:00;PPG-67;FERRAMENTAS EQUIPAMENTOS DE ENSAIO E MEDIÇĂO;MPP6 - AUDITORIA DE FERRAMENTAS - M6;1
CE;2026-01-07 08:00:00;2026-01-07 09:00:00;PPG-19;FERRAMENTAS EQUIPAMENTOS DE ENSAIO E MEDIÇĂO;MPP6 - AUDITORIA DE FERRAMENTAS - M6;1
CE;2026-01-07 08:00:00;2026-01-07 09:30:00;PPG-1K;FERRAMENTAS EQUIPAMENTOS DE ENSAIO E MEDIÇĂO;MPP6 - AUDITORIA DE FERRAMENTAS - M6;1
CE;2026-01-07 08:00:00;2026-01-07 10:00:00;PPG-WS;FERRAMENTAS EQUIPAMENTOS DE ENSAIO E MEDIÇĂO;MPP6 - AUDITORIA DE FERRAMENTAS - M6;1
CE;2026-01-07 08:00:00;2026-01-08 00:00:00;PPG--1;FERRAMENTAS EQUIPAMENTOS DE ENSAIO E MEDIÇĂO;MPP6 - AUDITORIA DE FERRAMENTAS - M6;1
CE;2026-01-07 08:00:00;2026-01-08 00:00:00;PPG-11;FERRAMENTAS EQUIPAMENTOS DE ENSAIO E MEDIÇĂO;MPP6 - AUDITORIA DE FERRAMENTAS - M6;2
CE;2026-01-07 08:00:00;2026-01-08 00:00:00;PPG-18;FERRAMENTAS EQUIPAMENTOS DE ENSAIO E MEDIÇĂO;MPP6 - AUDITORIA DE FERRAMENTAS - M6;1
CE;2026-01-07 08:00:00;2026-01-08 00:00:00;PPG-27;FERRAMENTAS EQUIPAMENTOS DE ENSAIO E MEDIÇĂO;MPP6 - AUDITORIA DE FERRAMENTAS - M6;1
CE;2026-01-07 08:00:00;2026-01-08 00:00:00;PPG-30;FERRAMENTAS EQUIPAMENTOS DE ENSAIO E MEDIÇĂO;MPP6 - AUDITORIA DE FERRAMENTAS - M6;1
CE;2026-01-07 08:00:00;2026-01-08 00:00:00;PPG-33;FERRAMENTAS EQUIPAMENTOS DE ENSAIO E MEDIÇĂO;MPP6 - AUDITORIA DE FERRAMENTAS - M6;1
CE;2026-01-07 08:00:00;2026-01-08 00:00:00;PPG-34;FERRAMENTAS EQUIPAMENTOS DE ENSAIO E MEDIÇĂO;MPP6 - AUDITORIA DE FERRAMENTAS - M6;1
CE;2026-01-07 08:00:00;2026-01-08 00:00:00;PPG-38;FERRAMENTAS EQUIPAMENTOS DE ENSAIO E MEDIÇĂO;MPP6 - AUDITORIA DE FERRAMENTAS - M6;1
CE;2026-01-07 08:00:00;2026-01-08 00:00:00;PPG-41;FERRAMENTAS EQUIPAMENTOS DE ENSAIO E MEDIÇĂO;MPP6 - AUDITORIA DE FERRAMENTAS - M6;2
CE;2026-01-07 08:00:00;2026-01-08 00:00:00;PPG-53;FERRAMENTAS EQUIPAMENTOS DE ENSAIO E MEDIÇĂO;MPP6 - AUDITORIA DE FERRAMENTAS - M6;1
CE;2026-01-07 08:00:00;2026-01-08 00:00:00;PPG-56;FERRAMENTAS EQUIPAMENTOS DE ENSAIO E MEDIÇĂO;MPP6 - AUDITORIA DE FERRAMENTAS - M6;1
CE;2026-01-07 08:00:00;2026-01-08 00:00:00;PPG-57;FERRAMENTAS EQUIPAMENTOS DE ENSAIO E MEDIÇĂO;MPP6 - AUDITORIA DE FERRAMENTAS - M6;1
CE;2026-01-07 08:00:00;2026-01-08 00:00:00;PPG-60;FERRAMENTAS EQUIPAMENTOS DE ENSAIO E MEDIÇĂO;MPP6 - AUDITORIA DE FERRAMENTAS - M6;1
CE;2026-01-07 08:00:00;2026-01-08 00:00:00;PPG-61;FERRAMENTAS EQUIPAMENTOS DE ENSAIO E MEDIÇĂO;MPP6 - AUDITORIA DE FERRAMENTAS - M6;1
CE;2026-01-07 08:00:00;2026-01-08 00:00:00;PPG-67;FERRAMENTAS EQUIPAMENTOS DE ENSAIO E MEDIÇĂO;MPP6 - AUDITORIA DE FERRAMENTAS - M6;1
CE;2026-01-07 08:00:00;2026-01-08 00:00:00;PPG-74;FERRAMENTAS EQUIPAMENTOS DE ENSAIO E MEDIÇĂO;MPP6 - AUDITORIA DE FERRAMENTAS - M6;1
CE;2026-01-07 08:00:00;2026-01-08 00:00:00;PPG-84;FERRAMENTAS EQUIPAMENTOS DE ENSAIO E MEDIÇĂO;MPP6 - AUDITORIA DE FERRAMENTAS - M6;1
CE;2026-01-07 08:00:00;2026-01-08 00:00:00;PPG-85;FERRAMENTAS EQUIPAMENTOS DE ENSAIO E MEDIÇĂO;MPP6 - AUDITORIA DE FERRAMENTAS - M6;1
CE;2026-01-07 08:00:00;2026-01-08 00:00:00;PPG-86;FERRAMENTAS EQUIPAMENTOS DE ENSAIO E MEDIÇĂO;MPP6 - AUDITORIA DE FERRAMENTAS - M6;1
CE;2026-01-07 08:00:00;2026-01-08 00:00:00;PPG-91;FERRAMENTAS EQUIPAMENTOS DE ENSAIO E MEDIÇĂO;MPP6 - AUDITORIA DE FERRAMENTAS - M6;1
CE;2026-01-07 08:00:00;2026-01-08 00:00:00;PPG-94;FERRAMENTAS EQUIPAMENTOS DE ENSAIO E MEDIÇĂO;MPP6 - AUDITORIA DE FERRAMENTAS - M6;1
CE;2026-01-07 08:00:00;2026-01-08 00:00:00;PPG-MV;FERRAMENTAS EQUIPAMENTOS DE ENSAIO E MEDIÇĂO;MPP6 - AUDITORIA DE FERRAMENTAS - M6;7
CE;2026-01-07 08:00:00;2026-01-08 08:00:00;PPG-43;FERRAMENTAS EQUIPAMENTOS DE ENSAIO E MEDIÇĂO;MPP6 - AUDITORIA DE FERRAMENTAS - M6;1
CE;2026-01-07 08:00:00;2026-01-08 08:00:00;PPG-88;FERRAMENTAS EQUIPAMENTOS DE ENSAIO E MEDIÇĂO;MPP6 - AUDITORIA DE FERRAMENTAS - M6;1
CE;2026-01-07 08:00:00;2026-01-08 09:00:00;PPG-06;FERRAMENTAS EQUIPAMENTOS DE ENSAIO E MEDIÇĂO;MPP6 - AUDITORIA DE FERRAMENTAS - M6;1
CE;2026-01-07 08:00:00;2026-01-09 00:00:00;PPG-02;FERRAMENTAS EQUIPAMENTOS DE ENSAIO E MEDIÇĂO;MPP6 - AUDITORIA DE FERRAMENTAS - M6;1
CE;2026-01-07 08:00:00;2026-01-09 00:00:00;PPG-08;FERRAMENTAS EQUIPAMENTOS DE ENSAIO E MEDIÇĂO;MPP6 - AUDITORIA DE FERRAMENTAS - M6;1
CE;2026-01-07 08:00:00;2026-01-09 00:00:00;PPG-11;FERRAMENTAS EQUIPAMENTOS DE ENSAIO E MEDIÇĂO;MPP6 - AUDITORIA DE FERRAMENTAS - M6;1
CE;2026-01-07 08:00:00;2026-01-09 00:00:00;PPG-16;FERRAMENTAS EQUIPAMENTOS DE ENSAIO E MEDIÇĂO;MPP6 - AUDITORIA DE FERRAMENTAS - M6;1
CE;2026-01-07 08:00:00;2026-01-09 00:00:00;PPG-30;FERRAMENTAS EQUIPAMENTOS DE ENSAIO E MEDIÇĂO;MPP6 - AUDITORIA DE FERRAMENTAS - M6;1
CE;2026-01-07 08:00:00;2026-01-09 00:00:00;PPG-32;FERRAMENTAS EQUIPAMENTOS DE ENSAIO E MEDIÇĂO;MPP6 - AUDITORIA DE FERRAMENTAS - M6;1
CE;2026-01-07 08:00:00;2026-01-09 00:00:00;PPG-33;FERRAMENTAS EQUIPAMENTOS DE ENSAIO E MEDIÇĂO;MPP6 - AUDITORIA DE FERRAMENTAS - M6;1
CE;2026-01-07 08:00:00;2026-01-09 00:00:00;PPG-54;FERRAMENTAS EQUIPAMENTOS DE ENSAIO E MEDIÇĂO;MPP6 - AUDITORIA DE FERRAMENTAS - M6;1
CE;2026-01-07 08:00:00;2026-01-09 00:00:00;PPG-68;FERRAMENTAS EQUIPAMENTOS DE ENSAIO E MEDIÇĂO;MPP6 - AUDITORIA DE FERRAMENTAS - M6;1
CE;2026-01-07 08:00:00;2026-01-09 00:00:00;PPG-74;FERRAMENTAS EQUIPAMENTOS DE ENSAIO E MEDIÇĂO;MPP6 - AUDITORIA DE FERRAMENTAS - M6;2
CE;2026-01-07 08:00:00;2026-01-09 00:00:00;PPG-76;FERRAMENTAS EQUIPAMENTOS DE ENSAIO E MEDIÇĂO;MPP6 - AUDITORIA DE FERRAMENTAS - M6;1
CE;2026-01-07 08:00:00;2026-01-09 00:00:00;PPG-90;FERRAMENTAS EQUIPAMENTOS DE ENSAIO E MEDIÇĂO;MPP6 - AUDITORIA DE FERRAMENTAS - M6;1
CE;2026-01-07 08:00:00;2026-01-09 00:00:00;PPG-MV;FERRAMENTAS EQUIPAMENTOS DE ENSAIO E MEDIÇĂO;MPP6 - AUDITORIA DE FERRAMENTAS - M6;7
CE;2026-01-07 08:00:00;2026-01-12 00:00:00;PPG--3;FERRAMENTAS EQUIPAMENTOS DE ENSAIO E MEDIÇĂO;MPP6 - AUDITORIA DE FERRAMENTAS - M6;1
CE;2026-01-07 08:00:00;2026-01-12 00:00:00;PPG--4;FERRAMENTAS EQUIPAMENTOS DE ENSAIO E MEDIÇĂO;MPP6 - AUDITORIA DE FERRAMENTAS - M6;1
CE;2026-01-07 08:00:00;2026-01-12 00:00:00;PPG-00;FERRAMENTAS EQUIPAMENTOS DE ENSAIO E MEDIÇĂO;MPP6 - AUDITORIA DE FERRAMENTAS - M6;1
CE;2026-01-07 08:00:00;2026-01-12 00:00:00;PPG-13;FERRAMENTAS EQUIPAMENTOS DE ENSAIO E MEDIÇĂO;MPP6 - AUDITORIA DE FERRAMENTAS - M6;1
CE;2026-01-07 08:00:00;2026-01-12 00:00:00;PPG-17;FERRAMENTAS EQUIPAMENTOS DE ENSAIO E MEDIÇĂO;MPP6 - AUDITORIA DE FERRAMENTAS - M6;1
CE;2026-01-07 08:00:00;2026-01-12 00:00:00;PPG-29;FERRAMENTAS EQUIPAMENTOS DE ENSAIO E MEDIÇĂO;MPP6 - AUDITORIA DE FERRAMENTAS - M6;1
CE;2026-01-07 08:00:00;2026-01-12 00:00:00;PPG-31;FERRAMENTAS EQUIPAMENTOS DE ENSAIO E MEDIÇĂO;MPP6 - AUDITORIA DE FERRAMENTAS - M6;1
CE;2026-01-07 08:00:00;2026-01-12 00:00:00;PPG-33;FERRAMENTAS EQUIPAMENTOS DE ENSAIO E MEDIÇĂO;MPP6 - AUDITORIA DE FERRAMENTAS - M6;2
CE;2026-01-07 08:00:00;2026-01-12 00:00:00;PPG-37;FERRAMENTAS EQUIPAMENTOS DE ENSAIO E MEDIÇĂO;MPP6 - AUDITORIA DE FERRAMENTAS - M6;1
CE;2026-01-07 08:00:00;2026-01-12 00:00:00;PPG-83;FERRAMENTAS EQUIPAMENTOS DE ENSAIO E MEDIÇĂO;MPP6 - AUDITORIA DE FERRAMENTAS - M6;1
CE;2026-01-07 08:00:00;2026-01-12 00:00:00;PPG-91;FERRAMENTAS EQUIPAMENTOS DE ENSAIO E MEDIÇĂO;MPP6 - AUDITORIA DE FERRAMENTAS - M6;1
CE;2026-01-07 08:00:00;2026-01-12 00:00:00;PPG-96;FERRAMENTAS EQUIPAMENTOS DE ENSAIO E MEDIÇĂO;MPP6 - AUDITORIA DE FERRAMENTAS - M6;1
CE;2026-01-07 08:00:00;2026-01-12 00:00:00;PPG-MV;FERRAMENTAS EQUIPAMENTOS DE ENSAIO E MEDIÇĂO;MPP6 - AUDITORIA DE FERRAMENTAS - M6;2
CE;2026-01-07 08:00:00;2026-01-13 00:00:00;PPG-02;FERRAMENTAS EQUIPAMENTOS DE ENSAIO E MEDIÇĂO;MPP6 - AUDITORIA DE FERRAMENTAS - M6;1
CE;2026-01-07 08:00:00;2026-01-13 00:00:00;PPG-36;FERRAMENTAS EQUIPAMENTOS DE ENSAIO E MEDIÇĂO;MPP6 - AUDITORIA DE FERRAMENTAS - M6;1
CE;2026-01-07 08:00:00;2026-01-13 00:00:00;PPG-48;FERRAMENTAS EQUIPAMENTOS DE ENSAIO E MEDIÇĂO;MPP6 - AUDITORIA DE FERRAMENTAS - M6;2
CE;2026-01-07 08:00:00;2026-01-13 00:00:00;PPG-53;FERRAMENTAS EQUIPAMENTOS DE ENSAIO E MEDIÇĂO;MPP6 - AUDITORIA DE FERRAMENTAS - M6;1
CE;2026-01-07 08:00:00;2026-01-13 00:00:00;PPG-81;FERRAMENTAS EQUIPAMENTOS DE ENSAIO E MEDIÇĂO;MPP6 - AUDITORIA DE FERRAMENTAS - M6;1
CE;2026-01-07 08:00:00;2026-01-13 00:00:00;PPG-MV;FERRAMENTAS EQUIPAMENTOS DE ENSAIO E MEDIÇĂO;MPP6 - AUDITORIA DE FERRAMENTAS - M6;3
CE;2026-01-07 08:00:00;2026-01-14 00:00:00;PPG-18;FERRAMENTAS EQUIPAMENTOS DE ENSAIO E MEDIÇĂO;MPP6 - AUDITORIA DE FERRAMENTAS - M6;1
CE;2026-01-07 08:00:00;2026-01-14 00:00:00;PPG-22;FERRAMENTAS EQUIPAMENTOS DE ENSAIO E MEDIÇĂO;MPP6 - AUDITORIA DE FERRAMENTAS - M6;1
CE;2026-01-07 08:00:00;2026-01-14 00:00:00;PPG-43;FERRAMENTAS EQUIPAMENTOS DE ENSAIO E MEDIÇĂO;MPP6 - AUDITORIA DE FERRAMENTAS - M6;1
CE;2026-01-07 08:00:00;2026-01-14 00:00:00;PPG-52;FERRAMENTAS EQUIPAMENTOS DE ENSAIO E MEDIÇĂO;MPP6 - AUDITORIA DE FERRAMENTAS - M6;1
CE;2026-01-07 08:00:00;2026-01-14 00:00:00;PPG-69;FERRAMENTAS EQUIPAMENTOS DE ENSAIO E MEDIÇĂO;MPP6 - AUDITORIA DE FERRAMENTAS - M6;1
CE;2026-01-07 08:00:00;2026-01-14 00:00:00;PPG-89;FERRAMENTAS EQUIPAMENTOS DE ENSAIO E MEDIÇĂO;MPP6 - AUDITORIA DE FERRAMENTAS - M6;1
CE;2026-01-07 08:00:00;2026-01-14 00:00:00;PPG-MV;FERRAMENTAS EQUIPAMENTOS DE ENSAIO E MEDIÇĂO;MPP6 - AUDITORIA DE FERRAMENTAS - M6;2
CE;2026-01-07 08:00:00;2026-01-15 00:00:00;PPG-00;FERRAMENTAS EQUIPAMENTOS DE ENSAIO E MEDIÇĂO;MPP6 - AUDITORIA DE FERRAMENTAS - M6;2
CE;2026-01-07 08:00:00;2026-01-15 00:00:00;PPG-12;FERRAMENTAS EQUIPAMENTOS DE ENSAIO E MEDIÇĂO;MPP6 - AUDITORIA DE FERRAMENTAS - M6;1
CE;2026-01-07 08:00:00;2026-01-15 00:00:00;PPG-21;FERRAMENTAS EQUIPAMENTOS DE ENSAIO E MEDIÇĂO;MPP6 - AUDITORIA DE FERRAMENTAS - M6;1
CE;2026-01-07 08:00:00;2026-01-15 00:00:00;PPG-28;FERRAMENTAS EQUIPAMENTOS DE ENSAIO E MEDIÇĂO;MPP6 - AUDITORIA DE FERRAMENTAS - M6;1
CE;2026-01-07 08:00:00;2026-01-15 00:00:00;PPG-29;FERRAMENTAS EQUIPAMENTOS DE ENSAIO E MEDIÇĂO;MPP6 - AUDITORIA DE FERRAMENTAS - M6;1
CE;2026-01-07 08:00:00;2026-01-15 00:00:00;PPG-45;FERRAMENTAS EQUIPAMENTOS DE ENSAIO E MEDIÇĂO;MPP6 - AUDITORIA DE FERRAMENTAS - M6;1
CE;2026-01-07 08:00:00;2026-01-15 00:00:00;PPG-67;FERRAMENTAS EQUIPAMENTOS DE ENSAIO E MEDIÇĂO;MPP6 - AUDITORIA DE FERRAMENTAS - M6;1
CE;2026-01-07 08:00:00;2026-01-15 00:00:00;PPG-81;FERRAMENTAS EQUIPAMENTOS DE ENSAIO E MEDIÇĂO;MPP6 - AUDITORIA DE FERRAMENTAS - M6;2
CE;2026-01-07 08:00:00;2026-01-15 00:00:00;PPG-93;FERRAMENTAS EQUIPAMENTOS DE ENSAIO E MEDIÇĂO;MPP6 - AUDITORIA DE FERRAMENTAS - M6;1
CE;2026-01-07 08:00:00;2026-01-15 00:00:00;PPG-96;FERRAMENTAS EQUIPAMENTOS DE ENSAIO E MEDIÇĂO;MPP6 - AUDITORIA DE FERRAMENTAS - M6;1
CE;2026-01-07 08:00:00;2026-01-15 00:00:00;PPG-MV;FERRAMENTAS EQUIPAMENTOS DE ENSAIO E MEDIÇĂO;MPP6 - AUDITORIA DE FERRAMENTAS - M6;2
CE;2026-01-07 08:00:00;2026-01-15 00:00:00;PPG-WS;FERRAMENTAS EQUIPAMENTOS DE ENSAIO E MEDIÇĂO;MPP6 - AUDITORIA DE FERRAMENTAS - M6;1
CE;2026-01-07 08:00:00;2026-01-16 17:00:00;PPG-18;FERRAMENTAS EQUIPAMENTOS DE ENSAIO E MEDIÇĂO;MPP6 - AUDITORIA DE FERRAMENTAS - M6;1
CE;2026-01-07 08:00:00;2026-01-16 17:00:00;PPG-40;FERRAMENTAS EQUIPAMENTOS DE ENSAIO E MEDIÇĂO;MPP6 - AUDITORIA DE FERRAMENTAS - M6;1
CE;2026-01-07 08:00:00;2026-02-23 00:00:00;PPG-14;FERRAMENTAS EQUIPAMENTOS DE ENSAIO E MEDIÇĂO;MPP6 - AUDITORIA DE FERRAMENTAS - M6;1
CE;2026-01-14 08:00:00;2026-01-14 09:00:00;PPG-01;FERRAMENTAS EQUIPAMENTOS DE ENSAIO E MEDIÇĂO;MPP6 - AUDITORIA DE FERRAMENTAS - M6;1
CE;2026-02-05 13:00:00;2026-02-05 17:00:00;MOR-11;CONVERSOR;INSPEÇĂO DE MANUTENÇĂO PREVENTIVA ANUAL;1
CE;2026-02-05 14:07:00;2026-02-05 17:00:00;MOR-11;AEROGERADOR;AVALIAÇĂO DE EQUIPE;1
CE;2026-02-06 08:30:00;2026-02-06 12:00:00;MOR-19;AEROGERADOR;AVALIAÇĂO DE EQUIPE;1
CE;2026-02-06 09:00:00;2026-02-06 12:25:00;MOR-19;CONVERSOR;INSPEÇĂO DE MANUTENÇĂO PREVENTIVA ANUAL;1
CE;2026-02-06 13:00:00;2026-02-06 15:29:00;MOR-18;CONVERSOR;INSPEÇĂO DE MANUTENÇĂO PREVENTIVA ANUAL;1
CE;2026-02-06 13:28:00;2026-02-06 15:28:00;MOR-18;AEROGERADOR;AVALIAÇĂO DE EQUIPE;1
CE;2026-02-12 14:00:00;2026-02-12 17:15:00;COQ-07;CONVERSOR;INSPEÇĂO DE MANUTENÇĂO PREVENTIVA ANUAL;1
CE;2026-02-20 08:00:00;2026-02-20 12:00:00;CAJ-05;CONVERSOR;INSPEÇĂO DE MANUTENÇĂO PREVENTIVA ANUAL;1
